Workbook

Sheet README & Disclosure
A1: MAL-FRT-001 — GRC Findings & Remediation Tracker
A2: SIMULATED GRC PRACTICE ENVIRONMENT — All findings, observations, planning gaps, statuses, target dates and assessment results in this workbook belong to a simulated portfolio scenario (MindfulAI Labs). They do not represent verified production-system testing, actual evidence, management approvals, or an actual organization.
A3: MindfulAI Labs · Simulated GRC Practice Environment · AI GRC & Control Assurance Portfolio
A5: Document Control
A6: Document ID | B6: MAL-FRT-001
A7: Document Title | B7: GRC Findings & Remediation Tracker
A8: Version | B8: 1.0
A9: Prepared By | B9: Maxine Jones, GRC Analyst
A10: Prepared Date | B10: October 21, 2026
A11: Classification | B11: Confidential — Internal Use Only
A12: Status | B12: Final — Portfolio Simulation
A13: Purpose and Basis
A14: Purpose | B14: Consolidates the documented findings, process-improvement observations, planning gaps, remediation actions and evidence requirements from ten MindfulAI Labs control artifacts (MAL-CHK-001 through MAL-VRA-010) into one filterable tracker.
A15: Basis | B15: Built exclusively from the ten MAL-xxx source documents and the six JSON exports (Asset Register, Risk Register, Control Register, Policies, Risk Appetite Statements, KRIs). Nothing here was drawn from outside those sources.
A16: Simulation disclosure | B16: SIMULATED GRC PRACTICE ENVIRONMENT — All findings, observations, planning gaps, statuses, target dates and assessment results in this workbook belong to a simulated portfolio scenario (MindfulAI Labs). They do not represent verified production-system testing, actual evidence, management approvals, or an actual organization.
A17: What this tracker does NOT contain | B17: No invented findings, remediation actions, completion dates, management approvals, evidence, closure results, residual risk scores or risk-tolerance conclusions. No suggested closure criteria. Every sign-off table in the source documents is blank; no approvals are represented here.
A18: Record Classifications (Findings tab)
A19: Confirmed Finding (Simulated) | B19: A control deficiency or exception that the source document explicitly records as a finding or exception within the simulated scenario (ACR-xx, VUL-01/02, PRV-01/02, LOG-01/02, VRA-01/02/03).
A20: Observation | B20: A source-labelled observation: process-improvement observations (OBS-01, VUL-03, PRV-03, LOG-03, VRA-04), risk-register coverage gaps, and one asset-register observation. The source states these are not control exceptions.
A21: Planning Gap | B21: A pre-assessment planning observation (APO-01 to APO-04) in MAL-CAP-009. The source states these are not findings and not control deficiencies; no testing was performed.
A22: Evidence Requirement | B22: An item marked “Evidence Required — Not Provided (Simulated Requirement)”. Kept on its own tab. A missing-evidence item is NOT a control deficiency and is never counted as one.
A23: Reported Status vs. Validated Closure
A24: Rule | B24: “Status (As Documented)” is the status stated in the source document. “Independent Closure Validation” is a separate field. No remediation status in this tracker has been independently validated: every record reads “Not performed — evidence not provided”. The one reported remediation (ACR-03, “Remediated (Simulated) — account disabled; underlying process fix Open”) is preserved as written and is NOT counted as closed.
A25: Analyst-derived fields | B25: Columns whose header ends “(Analyst-Derived)” — Severity Group, Primary Owner Team, Reported Status Group — are reporting classifications added for filtering and dashboard counts only. The original wording is always kept in the adjacent “(As Documented)” column.
A26: Target dates | B26: Exact dates are stored as dates. Quarterly targets (e.g., Q4 2026, Q1 2027) are kept as text; no calendar deadline has been assigned to them. “Not stated in source” means the source gives no date.
A27: Closure criteria | B27: Taken verbatim from the source “Validation” statement where one exists. Otherwise “Not Defined in Source”.
A28: Tabs
A29: Summary Dashboard | B29: Formula-driven counts by classification, severity group, status, source document, owner and target timeline; reported vs. validated closure; contextual KRI / risk-appetite / policy references.
A30: Findings | B30: 29 trackable records with source traceability (document, section, original ID).
A31: Remediation Actions | B31: 30 actions, one per source recommendation (ACR-03 is split in two because the source reports two different statuses).
A32: Evidence Requests | B32: 83 evidence requirements, separate from findings.
A33: Source Index | B33: The ten source documents, with documented counts reconciled to extracted counts.
A34: ID Crosswalk | B34: Source IDs ↔ normalized IDs for assets, risks and controls; policy references. Normalized IDs are shown only where a source document states them.
A35: Data Dictionary | B35: Every column, its allowed values and where its content comes from.
A36: Scope Notes
A37: Excluded: MAL-IPR-011 | B37: The assessment document for control A.5.35 (independent peer review; Not Tested in the Control Register) was not provided, so it contributes no findings, actions or evidence. The control appears in the ID Crosswalk only.
A38: Not logged as findings | B38: Items the sources mark as Met / Passed; blank sign-off tables; scope notes (e.g., assets excluded or deferred to program level in MAL-VMA-005, MAL-BRT-007, MAL-LMA-008); the assessor-independence consideration in MAL-CAP-009; and risk-appetite / KRI context.
A39: Risk appetite and KRIs | B39: Used as context only where a source document cites them. No residual risk scores are stated or computed, and no comparison to risk tolerance is made.
A40: Reconciliation (live formulas)
A41: Trackable records (Findings tab) | B41: =COUNTA(Findings!$A$5:$A$33) -> 29 | C41: Expected 29
A42: Confirmed Findings (Simulated) | B42: =COUNTIF(Findings!$L$5:$L$33,"Confirmed Finding (Simulated)") -> 12 | C42: Expected 12
A43: Observations | B43: =COUNTIF(Findings!$L$5:$L$33,"Observation") -> 13 | C43: Expected 13
A44: Planning Gaps | B44: =COUNTIF(Findings!$L$5:$L$33,"Planning Gap") -> 4 | C44: Expected 4
A45: Remediation actions | B45: =COUNTA('Remediation Actions'!$A$5:$A$34) -> 30 | C45: Expected 30
A46: Evidence requirements | B46: =COUNTA('Evidence Requests'!$A$5:$A$87) -> 83 | C46: Expected 83
A47: Source documents reconciled (Match) | B47: =COUNTIF('Source Index'!$R$5:$R$14,"Match") -> 10 | C47: Expected 10 of 10

Sheet Summary Dashboard
A1: Summary Dashboard
A2: SIMULATED GRC PRACTICE ENVIRONMENT — All findings, observations, planning gaps, statuses, target dates and assessment results in this workbook belong to a simulated portfolio scenario (MindfulAI Labs). They do not represent verified production-system testing, actual evidence, management approvals, or an actual organization.
A3: All figures are live formulas over the Findings, Remediation Actions, Evidence Requests and Source Index tabs.
A5: As-of date (editable input) | B5: 46316 | C5: Assumption: set to the preparation date (2026-10-21). Change it to re-run the target-date counts in section 6.
A7: 1. Record counts
A8: Measure | B8: Count
A9: Confirmed Findings (Simulated) | B9: =COUNTIF(Findings!$L$5:$L$33,"Confirmed Finding (Simulated)") -> 12
A10: Observations | B10: =COUNTIF(Findings!$L$5:$L$33,"Observation") -> 13
A11: Planning Gaps | B11: =COUNTIF(Findings!$L$5:$L$33,"Planning Gap") -> 4
A12: Total trackable records (Findings tab) | B12: =SUM(B9:B11) -> 29
A13: Remediation actions (Remediation Actions tab) | B13: =COUNTA('Remediation Actions'!$A$5:$A$34) -> 30
A14: Evidence requirements (separate from findings) | B14: =COUNTA('Evidence Requests'!$A$5:$A$87) -> 83
A15: Evidence requirements treated as control deficiencies | B15: =COUNTIF('Evidence Requests'!$M$5:$M$87,"Yes*") -> 0
A17: 2. Reported simulated status vs. independently validated closure
A18: Measure | B18: Records | C18: Remediation Actions
A19: Reported: In Progress (Simulated) | B19: =COUNTIF(Findings!$T$5:$T$33,"In Progress (Simulated)") -> 8 | C19: =COUNTIF('Remediation Actions'!$J$5:$J$34,"In Progress (Simulated)") -> 8
A20: Reported: Open (Simulated) | B20: =COUNTIF(Findings!$T$5:$T$33,"Open (Simulated)") -> 10 | C20: =COUNTIF('Remediation Actions'!$J$5:$J$34,"Open (Simulated)") -> 11
A21: Reported: Reported Remediated (Sim.) — Process Fix Open | B21: =COUNTIF(Findings!$T$5:$T$33,"Reported Remediated (Sim.) — Process Fix Open") -> 1 | C21: =COUNTIF('Remediation Actions'!$J$5:$J$34,"Reported Remediated (Sim.) — Process Fix Open") -> 0
A22: Reported: Accepted by Owner (per source) | B22: =COUNTIF(Findings!$T$5:$T$33,"Accepted by Owner (per source)") -> 1 | C22: =COUNTIF('Remediation Actions'!$J$5:$J$34,"Accepted by Owner (per source)") -> 1
A23: Reported: No Status in Source | B23: =COUNTIF(Findings!$T$5:$T$33,"No Status in Source") -> 9 | C23: =COUNTIF('Remediation Actions'!$J$5:$J$34,"No Status in Source") -> 9
A24: Reported: Remediated (Simulated) — account disabled (ACR-03 action split) | B24: n/a | C24: =COUNTIF('Remediation Actions'!$J$5:$J$34,"Reported Remediated (Simulated)") -> 1
A25: Total (reconciles to section 1) | B25: =SUM(B19:B23) -> 29 | C25: =SUM(C19:C24) -> 30
A26: Independently validated closures | B26: =COUNTIF(Findings!$U$5:$U$33,"Validated*") -> 0 | C26: =COUNTIF('Remediation Actions'!$O$5:$O$34,"Validated*") -> 0 | D26: Zero: no closure evidence exists in the simulated scenario
A27: Independent closure validation NOT performed | B27: =COUNTIF(Findings!$U$5:$U$33,"Not performed*") -> 29 | C27: =COUNTIF('Remediation Actions'!$O$5:$O$34,"Not performed*") -> 30
A29: 3. Severity group (analyst-derived) by classification — original severity wording is on the Findings tab
A30: Severity Group (Analyst-Derived) | B30: Confirmed Findings | C30: Observations | D30: Planning Gaps | E30: Total
A31: High | B31: =COUNTIFS(Findings!$O$5:$O$33,"High",Findings!$L$5:$L$33,"Confirmed Finding (Simulated)") -> 2 | C31: =COUNTIFS(Findings!$O$5:$O$33,"High",Findings!$L$5:$L$33,"Observation") -> 0 | D31: =COUNTIFS(Findings!$O$5:$O$33,"High",Findings!$L$5:$L$33,"Planning Gap") -> 0 | E31: =SUM(B31:D31) -> 2
A32: Medium-High | B32: =COUNTIFS(Findings!$O$5:$O$33,"Medium-High",Findings!$L$5:$L$33,"Confirmed Finding (Simulated)") -> 1 | C32: =COUNTIFS(Findings!$O$5:$O$33,"Medium-High",Findings!$L$5:$L$33,"Observation") -> 0 | D32: =COUNTIFS(Findings!$O$5:$O$33,"Medium-High",Findings!$L$5:$L$33,"Planning Gap") -> 0 | E32: =SUM(B32:D32) -> 1
A33: Medium | B33: =COUNTIFS(Findings!$O$5:$O$33,"Medium",Findings!$L$5:$L$33,"Confirmed Finding (Simulated)") -> 9 | C33: =COUNTIFS(Findings!$O$5:$O$33,"Medium",Findings!$L$5:$L$33,"Observation") -> 0 | D33: =COUNTIFS(Findings!$O$5:$O$33,"Medium",Findings!$L$5:$L$33,"Planning Gap") -> 0 | E33: =SUM(B33:D33) -> 9
A34: Low | B34: =COUNTIFS(Findings!$O$5:$O$33,"Low",Findings!$L$5:$L$33,"Confirmed Finding (Simulated)") -> 0 | C34: =COUNTIFS(Findings!$O$5:$O$33,"Low",Findings!$L$5:$L$33,"Observation") -> 8 | D34: =COUNTIFS(Findings!$O$5:$O$33,"Low",Findings!$L$5:$L$33,"Planning Gap") -> 0 | E34: =SUM(B34:D34) -> 8
A35: Not Rated | B35: =COUNTIFS(Findings!$O$5:$O$33,"Not Rated",Findings!$L$5:$L$33,"Confirmed Finding (Simulated)") -> 0 | C35: =COUNTIFS(Findings!$O$5:$O$33,"Not Rated",Findings!$L$5:$L$33,"Observation") -> 5 | D35: =COUNTIFS(Findings!$O$5:$O$33,"Not Rated",Findings!$L$5:$L$33,"Planning Gap") -> 4 | E35: =SUM(B35:D35) -> 9
A36: Total | B36: =SUM(B31:B35) -> 12 | C36: =SUM(C31:C35) -> 13 | D36: =SUM(D31:D35) -> 4 | E36: =SUM(E31:E35) -> 29
A38: 4. By source document and control rating
A39: Source Document | B39: Control Rating (Source) | C39: Findings | D39: Observations | E39: Planning Gaps | F39: Evidence Requirements | G39: Reconciliation
A40: ='Source Index'!A5&" — "&'Source Index'!B5 -> MAL-CHK-001 — AI Training Data Validation Checklist | B40: ='Source Index'!H5 -> Effective | C40: ='Source Index'!N5 -> 0 | D40: ='Source Index'!O5 -> 1 | E40: ='Source Index'!P5 -> 0 | F40: ='Source Index'!Q5 -> 5 | G40: ='Source Index'!R5 -> Match
A41: ='Source Index'!A6&" — "&'Source Index'!B6 -> MAL-ACR-002 — User Access Review Worksheet | B41: ='Source Index'!H6 -> Partially Effective | C41: ='Source Index'!N6 -> 3 | D41: ='Source Index'!O6 -> 0 | E41: ='Source Index'!P6 -> 0 | F41: ='Source Index'!Q6 -> 6 | G41: ='Source Index'!R6 -> Match
A42: ='Source Index'!A7&" — "&'Source Index'!B7 -> MAL-CTW-003 — Change Management Control Test Worksheet | B42: ='Source Index'!H7 -> Effective | C42: ='Source Index'!N7 -> 0 | D42: ='Source Index'!O7 -> 1 | E42: ='Source Index'!P7 -> 0 | F42: ='Source Index'!Q7 -> 7 | G42: ='Source Index'!R7 -> Match
A43: ='Source Index'!A8&" — "&'Source Index'!B8 -> MAL-STD-004 — Privileged Access & Multi-Factor Authentication Security Standard | B43: ='Source Index'!H8 -> Effective | C43: ='Source Index'!N8 -> 0 | D43: ='Source Index'!O8 -> 1 | E43: ='Source Index'!P8 -> 0 | F43: ='Source Index'!Q8 -> 9 | G43: ='Source Index'!R8 -> Match
A44: ='Source Index'!A9&" — "&'Source Index'!B9 -> MAL-VMA-005 — Vulnerability Management Control Assessment / Test Report | B44: ='Source Index'!H9 -> Partially Effective | C44: ='Source Index'!N9 -> 2 | D44: ='Source Index'!O9 -> 2 | E44: ='Source Index'!P9 -> 0 | F44: ='Source Index'!Q9 -> 7 | G44: ='Source Index'!R9 -> Match
A45: ='Source Index'!A10&" — "&'Source Index'!B10 -> MAL-PIA-006 — AI Privacy Impact Assessment (DPIA-Aligned) | B45: ='Source Index'!H10 -> Partially Effective | C45: ='Source Index'!N10 -> 2 | D45: ='Source Index'!O10 -> 2 | E45: ='Source Index'!P10 -> 0 | F45: ='Source Index'!Q10 -> 7 | G45: ='Source Index'!R10 -> Match
A46: ='Source Index'!A11&" — "&'Source Index'!B11 -> MAL-BRT-007 — Backup & Recovery Test Record | B46: ='Source Index'!H11 -> Effective | C46: ='Source Index'!N11 -> 0 | D46: ='Source Index'!O11 -> 1 | E46: ='Source Index'!P11 -> 0 | F46: ='Source Index'!Q11 -> 8 | G46: ='Source Index'!R11 -> Match
A47: ='Source Index'!A12&" — "&'Source Index'!B12 -> MAL-LMA-008 — Security Logging & Monitoring Control Assessment | B47: ='Source Index'!H12 -> Partially Effective | C47: ='Source Index'!N12 -> 2 | D47: ='Source Index'!O12 -> 3 | E47: ='Source Index'!P12 -> 0 | F47: ='Source Index'!Q12 -> 8 | G47: ='Source Index'!R12 -> Match
A48: ='Source Index'!A13&" — "&'Source Index'!B13 -> MAL-CAP-009 — Compliance Assessment Plan & Evidence Request | B48: ='Source Index'!H13 -> Not Tested (Effectiveness Not Concluded) | C48: ='Source Index'!N13 -> 0 | D48: ='Source Index'!O13 -> 0 | E48: ='Source Index'!P13 -> 4 | F48: ='Source Index'!Q13 -> 12 | G48: ='Source Index'!R13 -> Match
A49: ='Source Index'!A14&" — "&'Source Index'!B14 -> MAL-VRA-010 — Third-Party AI Vendor Risk Assessment | B49: ='Source Index'!H14 -> Ineffective | C49: ='Source Index'!N14 -> 3 | D49: ='Source Index'!O14 -> 2 | E49: ='Source Index'!P14 -> 0 | F49: ='Source Index'!Q14 -> 14 | G49: ='Source Index'!R14 -> Match
A50: Total | C50: =SUM(C40:C49) -> 12 | D50: =SUM(D40:D49) -> 13 | E50: =SUM(E40:E49) -> 4 | F50: =SUM(F40:F49) -> 83 | G50: ='Source Index'!R16 -> All Match
A52: 5. Records by primary owner team (analyst-derived from the documented owner)
A53: Primary Owner Team | B53: Confirmed Findings | C53: Observations | D53: Planning Gaps | E53: Total
A54: IAM Team | B54: =COUNTIFS(Findings!$Q$5:$Q$33,$A54,Findings!$L$5:$L$33,"Confirmed Finding (Simulated)") -> 3 | C54: =COUNTIFS(Findings!$Q$5:$Q$33,$A54,Findings!$L$5:$L$33,"Observation") -> 1 | D54: =COUNTIFS(Findings!$Q$5:$Q$33,$A54,Findings!$L$5:$L$33,"Planning Gap") -> 0 | E54: =SUM(B54:D54) -> 4
A55: Data Science Team | B55: =COUNTIFS(Findings!$Q$5:$Q$33,$A55,Findings!$L$5:$L$33,"Confirmed Finding (Simulated)") -> 0 | C55: =COUNTIFS(Findings!$Q$5:$Q$33,$A55,Findings!$L$5:$L$33,"Observation") -> 1 | D55: =COUNTIFS(Findings!$Q$5:$Q$33,$A55,Findings!$L$5:$L$33,"Planning Gap") -> 0 | E55: =SUM(B55:D55) -> 1
A56: AI Engineering Team | B56: =COUNTIFS(Findings!$Q$5:$Q$33,$A56,Findings!$L$5:$L$33,"Confirmed Finding (Simulated)") -> 0 | C56: =COUNTIFS(Findings!$Q$5:$Q$33,$A56,Findings!$L$5:$L$33,"Observation") -> 1 | D56: =COUNTIFS(Findings!$Q$5:$Q$33,$A56,Findings!$L$5:$L$33,"Planning Gap") -> 0 | E56: =SUM(B56:D56) -> 1
A57: Application Security Team | B57: =COUNTIFS(Findings!$Q$5:$Q$33,$A57,Findings!$L$5:$L$33,"Confirmed Finding (Simulated)") -> 2 | C57: =COUNTIFS(Findings!$Q$5:$Q$33,$A57,Findings!$L$5:$L$33,"Observation") -> 2 | D57: =COUNTIFS(Findings!$Q$5:$Q$33,$A57,Findings!$L$5:$L$33,"Planning Gap") -> 0 | E57: =SUM(B57:D57) -> 4
A58: Privacy and Compliance Team | B58: =COUNTIFS(Findings!$Q$5:$Q$33,$A58,Findings!$L$5:$L$33,"Confirmed Finding (Simulated)") -> 2 | C58: =COUNTIFS(Findings!$Q$5:$Q$33,$A58,Findings!$L$5:$L$33,"Observation") -> 2 | D58: =COUNTIFS(Findings!$Q$5:$Q$33,$A58,Findings!$L$5:$L$33,"Planning Gap") -> 0 | E58: =SUM(B58:D58) -> 4
A59: Infrastructure Operations Team | B59: =COUNTIFS(Findings!$Q$5:$Q$33,$A59,Findings!$L$5:$L$33,"Confirmed Finding (Simulated)") -> 0 | C59: =COUNTIFS(Findings!$Q$5:$Q$33,$A59,Findings!$L$5:$L$33,"Observation") -> 1 | D59: =COUNTIFS(Findings!$Q$5:$Q$33,$A59,Findings!$L$5:$L$33,"Planning Gap") -> 0 | E59: =SUM(B59:D59) -> 1
A60: Security Operations Team | B60: =COUNTIFS(Findings!$Q$5:$Q$33,$A60,Findings!$L$5:$L$33,"Confirmed Finding (Simulated)") -> 2 | C60: =COUNTIFS(Findings!$Q$5:$Q$33,$A60,Findings!$L$5:$L$33,"Observation") -> 2 | D60: =COUNTIFS(Findings!$Q$5:$Q$33,$A60,Findings!$L$5:$L$33,"Planning Gap") -> 0 | E60: =SUM(B60:D60) -> 4
A61: Third-Party Risk Management Team | B61: =COUNTIFS(Findings!$Q$5:$Q$33,$A61,Findings!$L$5:$L$33,"Confirmed Finding (Simulated)") -> 3 | C61: =COUNTIFS(Findings!$Q$5:$Q$33,$A61,Findings!$L$5:$L$33,"Observation") -> 2 | D61: =COUNTIFS(Findings!$Q$5:$Q$33,$A61,Findings!$L$5:$L$33,"Planning Gap") -> 0 | E61: =SUM(B61:D61) -> 5
A62: GRC Team | B62: =COUNTIFS(Findings!$Q$5:$Q$33,$A62,Findings!$L$5:$L$33,"Confirmed Finding (Simulated)") -> 0 | C62: =COUNTIFS(Findings!$Q$5:$Q$33,$A62,Findings!$L$5:$L$33,"Observation") -> 0 | D62: =COUNTIFS(Findings!$Q$5:$Q$33,$A62,Findings!$L$5:$L$33,"Planning Gap") -> 1 | E62: =SUM(B62:D62) -> 1
A63: Not specified in source | B63: =COUNTIFS(Findings!$Q$5:$Q$33,$A63,Findings!$L$5:$L$33,"Confirmed Finding (Simulated)") -> 0 | C63: =COUNTIFS(Findings!$Q$5:$Q$33,$A63,Findings!$L$5:$L$33,"Observation") -> 1 | D63: =COUNTIFS(Findings!$Q$5:$Q$33,$A63,Findings!$L$5:$L$33,"Planning Gap") -> 3 | E63: =SUM(B63:D63) -> 4
A64: Total | B64: =SUM(B54:B63) -> 12 | C64: =SUM(C54:C63) -> 13 | D64: =SUM(D54:D63) -> 4 | E64: =SUM(E54:E63) -> 29
A66: 6. Target timeline (quarter targets stay as text; no calendar date is assigned to them)
A67: Target | B67: Records
A68: Exact date in October 2026 | B68: =COUNTIFS(Findings!$W$5:$W$33,">="&DATE(2026,10,1),Findings!$W$5:$W$33,"<="&DATE(2026,10,31)) -> 3
A69: Exact date in November 2026 | B69: =COUNTIFS(Findings!$W$5:$W$33,">="&DATE(2026,11,1),Findings!$W$5:$W$33,"<="&DATE(2026,11,30)) -> 4
A70: Exact date in December 2026 | B70: =COUNTIFS(Findings!$W$5:$W$33,">="&DATE(2026,12,1),Findings!$W$5:$W$33,"<="&DATE(2026,12,31)) -> 6
A71: Quarter target: Q4 2026 (text) | B71: =COUNTIF(Findings!$V$5:$V$33,"Q4 2026*") -> 2
A72: Quarter target: Q1 2027 (text) | B72: =COUNTIF(Findings!$V$5:$V$33,"Q1 2027*") -> 4
A73: Target not stated in source | B73: =COUNTIF(Findings!$V$5:$V$33,"Not stated in source") -> 10
A74: Total (reconciles to section 1) | B74: =SUM(B68:B73) -> 29
A75: Exact target dates within 30 days of the as-of date | B75: =COUNTIFS(Findings!$W$5:$W$33,">="&$B$5,Findings!$W$5:$W$33,"<="&($B$5+30)) -> 4 | C75: Counts exact dates only; reported status is unchanged by this view
A76: Exact target dates earlier than the as-of date | B76: =COUNTIFS(Findings!$W$5:$W$33,"<"&$B$5) -> 0
A78: 7. Context only — cited by the source documents (not used to rate, score or conclude)
A79: Item | B79: Current / Level | C79: Thresholds / Tolerance | D79: Trend | E79: Owner | F79: Cited In | H79: Limitation stated by the source
A80: KRI-001 Critical AI Validation Exceptions | B80: 1 (count) | C80: Amber 2 / Red 4 | D80: Stable | E80: Clinical AI & ML Team | F80: MAL-CAP-009 §6.4 | H80: Does not measure CTL-009 and is not evidence that annual compliance assessments occur.
A81: KRI-006 Critical Vendors with Overdue Risk Assessments | B81: 3 (count) | C81: Amber 4 / Red 6 | D81: Decreasing | E81: Third-Party Risk Management Team | F81: MAL-VRA-010 §6.2 | H81: Counts overdue reassessments of vendors on record; does not evidence pre-approval assessment and does not override the control assessment.
A82: RAS-001 AI Governance (Cautious) | B82: Tolerance max 8 of 25 | C82: Board approved | D82: n/a | E82: n/a | F82: MAL-CAP-009 §6.3 | H82: Contextual only; not a Compliance appetite statement. No residual score exists for a compliance risk, so no comparison is made (APO-04).
A83: RAS-006 Third-Party (Moderate) | B83: Tolerance max 10 of 25 | C83: Board approved | D83: n/a | E83: n/a | F83: MAL-VRA-010 §6.1 | H83: No third-party risk exists in the register, so no residual score exists and no inside/outside-tolerance statement is made.
A84: The other KRIs (KRI-002 to KRI-005) and appetite statements (RAS-002 to RAS-005) in the JSON exports are not cited by any source document in scope and are not used. Policies cited by CAP-009 are listed on the ID Crosswalk tab.

Sheet Findings
A1: Findings, Observations & Planning Gaps
A2: SIMULATED GRC PRACTICE ENVIRONMENT — All findings, observations, planning gaps, statuses, target dates and assessment results in this workbook belong to a simulated portfolio scenario (MindfulAI Labs). They do not represent verified production-system testing, actual evidence, management approvals, or an actual organization.
A3: One row per trackable record. Original wording is preserved in “(As Documented)” columns; “(Analyst-Derived)” columns are reporting classifications only.
A4: Tracker ID | B4: Original Source ID | C4: Source Document ID | D4: Source Document Title | E4: Source Section | F4: Related Control | G4: Control Rating (Source Register) | H4: Related Asset | I4: Related Risk | J4: Title (As Documented) | K4: Description (As Documented) | L4: Classification | M4: Subtype | N4: Severity (As Documented) | O4: Severity Group (Analyst-Derived) | P4: Owner (As Documented) | Q4: Primary Owner Team (Analyst-Derived) | R4: Recommended Action (As Documented) | S4: Status (As Documented) | T4: Reported Status Group (Analyst-Derived) | U4: Independent Closure Validation | V4: Target Date (As Documented) | W4: Target Date (Exact) | X4: Target Date Type | Y4: Evidence Required (Cross-Reference) | Z4: Closure Criteria | AA4: Rating Impact (As Documented) | AB4: Simulation Flag
A5: FRT-001 | B5: OBS-01 | C5: MAL-CHK-001 | D5: AI Training Data Validation Checklist | E5: §6 | F5: CTL-mu0tgvxq — Perform documented bias and data quality validation before AI model approval (ISO 27001 A.5.12) | G5: Effective | H5: AST-002 (source ID AST-mu0set5n) — Financial Risk Training Data Repository | I5: RSK-mu0sxjrj (RSK-001) — Training data bias causes inaccurate clinical AI recommendations (source: this checklist supports data-level bias validation and does not, on its own, close that risk) | J5: OBS-01 — Field Completeness (Minor) | K5: Approximately 0.4% of records contained a missing value in a non-critical, optional field. (Simulated sample figure.) | L5: Observation | M5: Minor Observation (source label) | N5: Not separately rated; Risk / Impact: Low | O5: Low | P5: Data Science Team | Q5: Data Science Team | R5: Continue monitoring field completeness in future quarterly validations and confirm the field remains excluded from model input. | S5: Records retained; reviewed and accepted by the Data Science Team | T5: Accepted by Owner (per source) | U5: Not performed — evidence not provided | V5: Not stated in source | X5: Not stated in source | Y5: Control-level evidence list EVD-001 to EVD-005 (Evidence Requests tab); the source does not map items to this record | Z5: Not Defined in Source | AA5: This observation is minor and does not change the Effective conclusion for the control. | AB5: Simulated portfolio scenario
A6: FRT-002 | B6: ACR-01 | C6: MAL-ACR-002 | D6: User Access Review Worksheet | E6: §8–9 | F6: CTL-mu1nugzu — Restrict AI training data repositories to authorized personnel using role-based access (NIST CSF PR.AA-05) | G6: Partially Effective | H6: AST-002 (source ID AST-mu0set5n) — Financial Risk Training Data Repository | I6: RSK-mu0t1uva (RSK-002) — Unauthorized user exploits inadequate data access restrictions causing sensitive data exposure to Financial Risk Training Data Repository | J6: ACR-01 — Outdated Access Following a Role Change (Mover) | K6: Generic test identity U-1043 transferred out of the Analytics function but retained read/write (FRTDR-DataEngineer) access to the repository beyond the effective date of the role change. (Simulated.) | L6: Confirmed Finding (Simulated) | M6: Control Deficiency (Exception) | N6: Medium | O6: Medium | P6: IAM Team (execution), with Data Science Team (resource-owner approval) | Q6: IAM Team | R6: Revoke the retained entitlements and incorporate mover events into the joiner/mover/leaver (JML) process, with HR-triggered, automated recalculation of access on role change. | S6: In Progress (Simulated) | T6: In Progress (Simulated) | U6: Not performed — evidence not provided | V6: October 31, 2026 (Simulated) | W6: 46326 | X6: Exact date | Y6: Control-level evidence list EVD-006 to EVD-011 (Evidence Requests tab); the source does not map items to this record | Z6: Not Defined in Source | AA6: Cited among the operating exceptions supporting the Partially Effective conclusion (§10) | AB6: Simulated portfolio scenario
A7: FRT-003 | B7: ACR-02 | C7: MAL-ACR-002 | D7: User Access Review Worksheet | E7: §8–9 | F7: CTL-mu1nugzu — Restrict AI training data repositories to authorized personnel using role-based access (NIST CSF PR.AA-05) | G7: Partially Effective | H7: AST-002 (source ID AST-mu0set5n) — Financial Risk Training Data Repository | I7: RSK-mu0t1uva (RSK-002) — Unauthorized user exploits inadequate data access restrictions causing sensitive data exposure to Financial Risk Training Data Repository | J7: ACR-02 — Excessive Write Privileges (Least Privilege) | K7: Generic test identities U-1101 and U-1102 were assigned a write/modify role (FRTDR-DataEngineer) although their job function requires read-only (FRTDR-DataScientist) access. (Simulated.) | L7: Confirmed Finding (Simulated) | M7: Control Deficiency (Exception) | N7: Medium-High | O7: Medium-High | P7: IAM Team (execution), with Data Science Team (resource-owner approval) | Q7: IAM Team | R7: Downgrade both accounts to read-only; enforce the authoritative role-to-entitlement mapping; require documented business justification and periodic recertification for any write-level access. | S7: In Progress (Simulated) | T7: In Progress (Simulated) | U7: Not performed — evidence not provided | V7: October 31, 2026 (Simulated) | W7: 46326 | X7: Exact date | Y7: Control-level evidence list EVD-006 to EVD-011 (Evidence Requests tab); the source does not map items to this record | Z7: Not Defined in Source | AA7: Cited among the operating exceptions supporting the Partially Effective conclusion (§10) | AB7: Simulated portfolio scenario
A8: FRT-004 | B8: ACR-03 | C8: MAL-ACR-002 | D8: User Access Review Worksheet | E8: §8–9 | F8: CTL-mu1nugzu — Restrict AI training data repositories to authorized personnel using role-based access (NIST CSF PR.AA-05) | G8: Partially Effective | H8: AST-002 (source ID AST-mu0set5n) — Financial Risk Training Data Repository | I8: RSK-mu0t1uva (RSK-002) — Unauthorized user exploits inadequate data access restrictions causing sensitive data exposure to Financial Risk Training Data Repository | J8: ACR-03 — Delayed Contractor Deprovisioning (Leaver) | K8: Contractor test identity C-207 remained active for approximately 12 days after the contract end date, exceeding the same-business-day deprovisioning expectation for departed personnel. (Simulated.) | L8: Confirmed Finding (Simulated) | M8: Control Deficiency (Exception) | N8: High (window) | O8: High | P8: IAM Team (execution), with HR / Vendor Management (notification of end dates) | Q8: IAM Team | R8: Implement event-driven deprovisioning tied to contract end dates; perform leaver reconciliation each quarter; generate alerts for any account active past its associated end date. | S8: Remediated (Simulated) — account disabled; underlying process fix Open | T8: Reported Remediated (Sim.) — Process Fix Open | U8: Not performed — evidence not provided | V8: November 15, 2026 (Simulated) for the process fix | W8: 46341 | X8: Exact date | Y8: Control-level evidence list EVD-006 to EVD-011 (Evidence Requests tab); the source does not map items to this record | Z8: Not Defined in Source | AA8: Cited among the operating exceptions supporting the Partially Effective conclusion (§10) | AB8: Simulated portfolio scenario
A9: FRT-005 | B9: OBS-01 | C9: MAL-CTW-003 | D9: Change Management Control Test Worksheet | E9: §9 | F9: CTL-mu1nvfmw — Require documented review and approval before production AI model changes are deployed (SOC 2 CC8.1) | G9: Effective | H9: AST-001 — Clinical Diagnostic AI Model (change record CHG-2058) | I9: RSK-mu0t2oau (RSK-003) — Unauthorized developer exploits excessive privileges causing unapproved model changes to AI Model Training Server (linked on theme); secondary risk with no risk ID in source, referenced by title: “Incomplete validation exploits insufficient testing coverage causing defective models to advance from Pre-Production AI Validation Environment” | J9: OBS-01 — Rollback-Plan Documentation (Process-Improvement Observation) | K9: For change CHG-2058, the rollback-plan section of the change record was present but lacked sufficient detail. (Simulated.) | L9: Observation | M9: Process-Improvement Observation | N9: Not separately rated; Risk / Impact: Low | O9: Low | P9: AI Engineering Team | Q9: AI Engineering Team | R9: Adopt a standardized rollback-plan template within the change record so that rollback steps are consistently documented in sufficient detail. | S9: Open (Simulated) — process improvement | T9: Open (Simulated) | U9: Not performed — evidence not provided | V9: October 31, 2026 (Simulated) | W9: 46326 | X9: Exact date | Y9: Control-level evidence list EVD-012 to EVD-018 (Evidence Requests tab); the source does not map items to this record | Z9: Not Defined in Source | AA9: Process-improvement observation — not a control exception; does not affect the attribute results or the Effective rating. | AB9: Simulated portfolio scenario
A10: FRT-006 | B10: OBS-01 | C10: MAL-STD-004 | D10: Privileged Access & Multi-Factor Authentication Security Standard | E10: §9 | F10: CTL-004 — Enforce multi-factor authentication and least-privilege access for privileged AI platform accounts (CIS 6) | G10: Effective | H10: AST-001, AST-002, AST-003, AST-004, AST-006, AST-007, AST-008, AST-009, AST-010 (in-scope assets per MAL-STD-004 §3) | I10: RSK-mu0t2oau (RSK-003) — primary risk mitigated by this control (source-provided) | J10: OBS-01 — Break-Glass Review Cadence (Minor) | K10: The standard requires controlled emergency / break-glass access (§7.5), but a specific periodic review cadence for break-glass account usage has not yet been formally defined. | L10: Observation | M10: Process-Improvement Observation | N10: Not separately rated; Risk / Impact: Low | O10: Low | P10: IAM Team | Q10: IAM Team | R10: Establish a documented quarterly review of break-glass account activity, with review ownership, evidence retention, and escalation requirements. | S10: Open (Simulated) | T10: Open (Simulated) | U10: Not performed — evidence not provided | V10: Q4 2026 | X10: Quarter (text) | Y10: Control-level evidence list EVD-019 to EVD-027 (Evidence Requests tab); the source does not map items to this record | Z10: Verify the review requirement and supporting evidence during the next quarterly conformance assessment. | AA10: Not a control exception or a finding; does not change the Effective rating recorded in the Control Register. | AB10: Simulated portfolio scenario
A11: FRT-007 | B11: VUL-01 | C11: MAL-VMA-005 | D11: Vulnerability Management Control Assessment / Test Report | E11: §10–11 | F11: CTL-005 — Perform vulnerability testing and remediate identified weaknesses in production AI APIs (NIST CSF DE.CM-09) | G11: Partially Effective | H11: AST-001 — Clinical Diagnostic AI Model | I11: RSK-004 and RSK-006 (nearest related risks; imperfect mapping — see Section 5 coverage gap) | J11: VUL-01 — Scan Coverage Gap (Finding) | K11: Authenticated monthly scanning is established for the in-scope production AI service, but the API/endpoint inventory is not consistently reconciled to the scan scope, so one or more production endpoints associated with AST-001 may be omitted from a given monthly cycle. (Simulated.) | L11: Confirmed Finding (Simulated) | M11: Control Deficiency (Finding) | N11: Medium | O11: Medium | P11: Application Security Team (execution), with Clinical AI & Machine Learning Team (asset-owner support) | Q11: Application Security Team | R11: Reconcile the API/endpoint inventory to the authenticated scan scope each monthly cycle and add a coverage-completeness check that flags any production endpoint not covered by a scan in the period. | S11: In Progress (Simulated) | T11: In Progress (Simulated) | U11: Not performed — evidence not provided | V11: November 30, 2026 (Simulated) | W11: 46356 | X11: Exact date | Y11: Control-level evidence list EVD-028 to EVD-034 (Evidence Requests tab); the source does not map items to this record | Z11: Re-confirm scope-to-inventory reconciliation and coverage evidence at the next monthly assessment. | AA11: Rating rests primarily on VUL-01 and VUL-02 (Partially Effective) | AB11: Simulated portfolio scenario
A12: FRT-008 | B12: VUL-02 | C12: MAL-VMA-005 | D12: Vulnerability Management Control Assessment / Test Report | E12: §10–11 | F12: CTL-005 — Perform vulnerability testing and remediate identified weaknesses in production AI APIs (NIST CSF DE.CM-09) | G12: Partially Effective | H12: AST-001 — Clinical Diagnostic AI Model | I12: RSK-004 and RSK-006 (nearest related risks; imperfect mapping — see Section 5 coverage gap) | J12: VUL-02 — Remediation Timeliness (Finding) | K12: Identified vulnerabilities are tracked and risk-rated, but remediation SLA adherence is inconsistent: a subset of findings — including at least one higher-severity finding — exceeded their defined remediation windows before closure. (Simulated.) | L12: Confirmed Finding (Simulated) | M12: Control Deficiency (Finding) | N12: Medium | O12: Medium | P12: Application Security Team (tracking), with Clinical AI & Machine Learning Team (accountable for remediation) and AI Engineering Team (fixes) | Q12: Application Security Team | R12: Enforce severity-based remediation SLAs, escalate overdue items to the asset owner and management, and report SLA-adherence metrics on the control’s monthly cadence. | S12: In Progress (Simulated) | T12: In Progress (Simulated) | U12: Not performed — evidence not provided | V12: November 30, 2026 (Simulated) | W12: 46356 | X12: Exact date | Y12: Control-level evidence list EVD-028 to EVD-034 (Evidence Requests tab); the source does not map items to this record | Z12: Review SLA-adherence metrics and overdue-item aging at the next monthly assessment. | AA12: Rating rests primarily on VUL-01 and VUL-02 (Partially Effective) | AB12: Simulated portfolio scenario
A13: FRT-009 | B13: VUL-03 | C13: MAL-VMA-005 | D13: Vulnerability Management Control Assessment / Test Report | E13: §10–11 | F13: CTL-005 — Perform vulnerability testing and remediate identified weaknesses in production AI APIs (NIST CSF DE.CM-09) | G13: Partially Effective | H13: AST-001 — Clinical Diagnostic AI Model | I13: RSK-004 and RSK-006 (nearest related risks; imperfect mapping — see Section 5 coverage gap) | J13: VUL-03 — AI-Specific Security Testing Gap (Observation) | K13: Conventional web/API vulnerability testing is performed, but the testing program does not yet include AI-specific abuse cases (for example, input/prompt validation and model-inference abuse) for the production AI API. (Simulated.) | L13: Observation | M13: Process-Improvement Observation | N13: Low (Observation) | O13: Low | P13: Application Security Team | Q13: Application Security Team | R13: Extend the testing program to include AI/LLM-specific test cases for production AI APIs, aligned to emerging AI-security testing guidance; pilot on the in-scope service first. | S13: Open (Simulated) | T13: Open (Simulated) | U13: Not performed — evidence not provided | V13: Q4 2026 (Simulated) | X13: Quarter (text) | Y13: Control-level evidence list EVD-028 to EVD-034 (Evidence Requests tab); the source does not map items to this record | Z13: Confirm AI-specific test cases and results at a subsequent assessment. | AA13: Contributes context; the Partially Effective rating rests primarily on VUL-01 and VUL-02. | AB13: Simulated portfolio scenario
A14: FRT-010 | B14: None assigned in source | C14: MAL-VMA-005 | D14: Vulnerability Management Control Assessment / Test Report | E14: §5 | F14: CTL-005 — Perform vulnerability testing and remediate identified weaknesses in production AI APIs (NIST CSF DE.CM-09) | G14: Partially Effective | H14: AST-001 — Clinical Diagnostic AI Model (control's in-scope asset) | I14: None in register (coverage gap); nearest related: RSK-004 and RSK-006 | J14: Risk-Register Coverage Gap — Exploitable Vulnerabilities in Production AI APIs | K14: No risk record in the register specifically addresses exploitable vulnerabilities in production AI APIs — the exact exposure this control mitigates. This is a risk-register coverage gap: the control operates against a risk that is not explicitly represented in the register. | L14: Observation | M14: Risk-Register Coverage Gap | N14: Not rated in source | O14: Not Rated | P14: Application Security Team (proposed owner of the recommended risk record) | Q14: Application Security Team | R14: Add a risk record for “exploitable vulnerabilities in production AI APIs” (owner Application Security Team) and link CTL-005 to it. | S14: Not stated in source | T14: No Status in Source | U14: Not performed — evidence not provided | V14: Not stated in source | X14: Not stated in source | Y14: Control-level evidence list EVD-028 to EVD-034 (Evidence Requests tab); the source does not map items to this record | Z14: Not Defined in Source | AA14: Described in source as an observation carried to the consolidated tracker; no rating impact stated. | AB14: Simulated portfolio scenario
A15: FRT-011 | B15: PRV-01 | C15: MAL-PIA-006 | D15: AI Privacy Impact Assessment (DPIA-Aligned) | E15: §11–12 | F15: CTL-006 — Review AI datasets for unnecessary personal information and apply privacy safeguards before processing (GDPR Art.5) | G15: Partially Effective | H15: AST-002 (Stream A — financial training data); AST-001 and AST-009 (Stream B — clinical processing) | I15: RSK-002 (Stream A) and RSK-008 (Stream B) — nearest related risks; imperfect, “loosely related” mapping (see Section 5 coverage gap) | J15: PRV-01 — Data Minimization Gap (Finding) | K15: The assessment scenario indicates that the quarterly minimization review does not consistently document whether all retained personal-data elements are necessary for the stated processing purpose; unnecessary personal data may therefore be retained without a documented justification. Applies across Stream A (AST-002) and the clinical Stream B (AST-001 / AST-009). | L15: Confirmed Finding (Simulated) | M15: Control Deficiency (Finding) | N15: Medium | O15: Medium | P15: Privacy and Compliance Team (review), with Data Science Team and Clinical AI & Machine Learning Team (asset owners) | Q15: Privacy and Compliance Team | R15: For each in-scope dataset, maintain a data inventory mapping every personal-data element to a documented necessity justification tied to the processing purpose; remove or justify elements that are not necessary; record decisions each review cycle. | S15: In Progress (Simulated) | T15: In Progress (Simulated) | U15: Not performed — evidence not provided | V15: December 31, 2026 (Simulated) | W15: 46387 | X15: Exact date | Y15: Control-level evidence list EVD-035 to EVD-041 (Evidence Requests tab); the source does not map items to this record | Z15: Re-confirm the documented necessity mapping and minimization decisions at the next quarterly review. | AA15: Rating rests primarily on PRV-01 and PRV-02 (Partially Effective) | AB15: Simulated portfolio scenario
A16: FRT-012 | B16: PRV-02 | C16: MAL-PIA-006 | D16: AI Privacy Impact Assessment (DPIA-Aligned) | E16: §11–12 | F16: CTL-006 — Review AI datasets for unnecessary personal information and apply privacy safeguards before processing (GDPR Art.5) | G16: Partially Effective | H16: AST-002 (Stream A — financial training data); AST-001 and AST-009 (Stream B — clinical processing) | I16: RSK-002 (Stream A) and RSK-008 (Stream B) — nearest related risks; imperfect, “loosely related” mapping (see Section 5 coverage gap) | J16: PRV-02 — Inconsistent Privacy Safeguards (Finding) | K16: The assessment scenario indicates that privacy safeguards (for example, masking or pseudonymization of personal-data elements) are not consistently applied across all in-scope personal data before processing, and that the application of safeguards is not uniformly documented. | L16: Confirmed Finding (Simulated) | M16: Control Deficiency (Finding) | N16: Medium | O16: Medium | P16: Privacy and Compliance Team (standard), with Data Science Team / AI Engineering Team (implementation) and Data Protection Team (clinical backup) | Q16: Privacy and Compliance Team | R16: Define a consistent safeguard standard (masking / pseudonymization and access restriction) for personal-data elements before processing, apply it across all in-scope datasets, and record the safeguards applied per dataset. | S16: In Progress (Simulated) | T16: In Progress (Simulated) | U16: Not performed — evidence not provided | V16: December 31, 2026 (Simulated) | W16: 46387 | X16: Exact date | Y16: Control-level evidence list EVD-035 to EVD-041 (Evidence Requests tab); the source does not map items to this record | Z16: Review safeguard-application records per dataset at the next quarterly review. | AA16: Rating rests primarily on PRV-01 and PRV-02 (Partially Effective) | AB16: Simulated portfolio scenario
A17: FRT-013 | B17: PRV-03 | C17: MAL-PIA-006 | D17: AI Privacy Impact Assessment (DPIA-Aligned) | E17: §11–12 | F17: CTL-006 — Review AI datasets for unnecessary personal information and apply privacy safeguards before processing (GDPR Art.5) | G17: Partially Effective | H17: AST-002 (Stream A — financial training data); AST-001 and AST-009 (Stream B — clinical processing) | I17: RSK-002 (Stream A) and RSK-008 (Stream B) — nearest related risks; imperfect, “loosely related” mapping (see Section 5 coverage gap) | J17: PRV-03 — Retention / Storage Limitation (Observation) | K17: The assessment scenario indicates that retention periods for personal data in the in-scope datasets are not yet formally defined or enforced, so data could be retained longer than necessary. | L17: Observation | M17: Process-Improvement Observation | N17: Low (Observation) | O17: Low | P17: Privacy and Compliance Team | Q17: Privacy and Compliance Team | R17: Define retention periods for personal data in each in-scope dataset aligned to the processing purpose, implement periodic deletion / review, and formalize a retention schedule. | S17: Open (Simulated) | T17: Open (Simulated) | U17: Not performed — evidence not provided | V17: Q1 2027 (Simulated) | X17: Quarter (text) | Y17: Control-level evidence list EVD-035 to EVD-041 (Evidence Requests tab); the source does not map items to this record | Z17: Confirm the retention schedule and enforcement evidence at a subsequent review. | AA17: Contributes context; the Partially Effective rating rests primarily on PRV-01 and PRV-02. | AB17: Simulated portfolio scenario
A18: FRT-014 | B18: None assigned in source | C18: MAL-PIA-006 | D18: AI Privacy Impact Assessment (DPIA-Aligned) | E18: §5 | F18: CTL-006 — Review AI datasets for unnecessary personal information and apply privacy safeguards before processing (GDPR Art.5) | G18: Partially Effective | H18: AST-002; AST-001; AST-009 (in-scope streams) | I18: None in register (coverage gap); nearest related: RSK-002 and RSK-008 | J18: Risk-Register Coverage Gap — Unnecessary Personal Data / Non-Compliant Processing in AI Datasets | K18: No risk record in the register specifically addresses excessive or unnecessary personal data in AI datasets, or non-compliant processing of personal data — the exact exposure this control mitigates. This is a risk-register coverage gap: the control operates against a risk that is not explicitly represented in the register. | L18: Observation | M18: Risk-Register Coverage Gap | N18: Not rated in source | O18: Not Rated | P18: Privacy and Compliance Team (proposed owner of the recommended risk record) | Q18: Privacy and Compliance Team | R18: Add a risk record for “unnecessary personal data / non-compliant processing in AI datasets” (owner Privacy and Compliance Team) and link CTL-006 to it. | S18: Not stated in source | T18: No Status in Source | U18: Not performed — evidence not provided | V18: Not stated in source | X18: Not stated in source | Y18: Control-level evidence list EVD-035 to EVD-041 (Evidence Requests tab); the source does not map items to this record | Z18: Not Defined in Source | AA18: Described in source as an observation carried to the consolidated tracker; no rating impact stated. | AB18: Simulated portfolio scenario
A19: FRT-015 | B19: OBS-01 | C19: MAL-BRT-007 | D19: Backup & Recovery Test Record | E19: §10 | F19: CTL-007 — Maintain tested backup and recovery procedures for critical production AI systems (ISO 27001 A.5.30) | G19: Effective | H19: AST-001 (protected system); AST-009 (backup source); AST-010 (recovery environment) | I19: RSK-007 — Infrastructure outage exploits inadequate recovery testing causing prolonged service disruption to AI Disaster Recovery Cloud Environment (primary risk; direct fit — no coverage gap claimed) | J19: OBS-01 — RTO/RPO Metrics Documentation (Low / Process-Improvement Observation) | K19: Within the simulated test scenario, recovery testing is represented as successfully completed; however, the test-record design does not include a standardized field for documenting formally approved RTO / RPO targets alongside measured recovery outcomes. | L19: Observation | M19: Process-Improvement Observation | N19: Low | O19: Low | P19: Infrastructure Operations Team | Q19: Infrastructure Operations Team | R19: Add standardized RTO / RPO target and actual-result fields to future quarterly recovery test records to strengthen repeatability, trend analysis, and management reporting. | S19: Open (Simulated) | T19: Open (Simulated) | U19: Not performed — evidence not provided | V19: Q1 2027 (Simulated) | X19: Quarter (text) | Y19: Control-level evidence list EVD-042 to EVD-049 (Evidence Requests tab); the source does not map items to this record | Z19: Confirm the enhanced RTO / RPO fields are present in the next quarterly recovery test record. | AA19: None; this is a process-improvement observation and does not affect the Effective rating. | AB19: Simulated portfolio scenario
A20: FRT-016 | B20: LOG-01 | C20: MAL-LMA-008 | D20: Security Logging & Monitoring Control Assessment | E20: §10–11 | F20: CTL-008 — Centralize and review security logs for suspicious activity affecting production AI systems (CIS 8) | G20: Partially Effective | H20: AST-001, AST-002, AST-007 (log sources); central logging capability has no distinct asset | I20: RSK-006 — nearest register risk, with mapping limitation (network-access risk); RSK-002 and RSK-003 noted as detection scenarios only | J20: LOG-01 — Log Source Coverage Gap (Finding) | K20: The assessment scenario indicates that not all in-scope production AI systems consistently forward their security logs to the central logging capability; at least one in-scope source appears incompletely onboarded, so some security events may not reach central logging for review. | L20: Confirmed Finding (Simulated) | M20: Control Deficiency (Finding) | N20: Medium | O20: Medium | P20: Security Operations Team (central logging), with the relevant log-source / asset owners | Q20: Security Operations Team | R20: Reconcile the in-scope production AI systems to the central logging source inventory; onboard any missing source; add a periodic coverage-completeness check that flags any in-scope system not forwarding logs. | S20: In Progress (Simulated) | T20: In Progress (Simulated) | U20: Not performed — evidence not provided | V20: December 31, 2026 (Simulated) | W20: 46387 | X20: Exact date | Y20: Control-level evidence list EVD-050 to EVD-057 (Evidence Requests tab); the source does not map items to this record | Z20: Re-confirm source-to-inventory reconciliation and coverage evidence at the next review. | AA20: Conclusion driven primarily by LOG-01 and LOG-02 (Partially Effective) | AB20: Simulated portfolio scenario
A21: FRT-017 | B21: LOG-02 | C21: MAL-LMA-008 | D21: Security Logging & Monitoring Control Assessment | E21: §10–11 | F21: CTL-008 — Centralize and review security logs for suspicious activity affecting production AI systems (CIS 8) | G21: Partially Effective | H21: AST-001, AST-002, AST-007 (log sources); central logging capability has no distinct asset | I21: RSK-006 — nearest register risk, with mapping limitation (network-access risk); RSK-002 and RSK-003 noted as detection scenarios only | J21: LOG-02 — Log Review / Alert-Triage Timeliness (Finding) | K21: The assessment scenario indicates that although logs are centralized, continuous review and alert triage are not consistently performed within a defined timeframe, and alerting thresholds for AI-relevant suspicious activity are not fully established. | L21: Confirmed Finding (Simulated) | M21: Control Deficiency (Finding) | N21: Medium | O21: Medium | P21: Security Operations Team | Q21: Security Operations Team | R21: Define review / triage timeframes and alerting thresholds for suspicious activity on in-scope systems; document who reviews, how often, and escalation paths; report review / triage timeliness metrics. | S21: In Progress (Simulated) | T21: In Progress (Simulated) | U21: Not performed — evidence not provided | V21: December 31, 2026 (Simulated) | W21: 46387 | X21: Exact date | Y21: Control-level evidence list EVD-050 to EVD-057 (Evidence Requests tab); the source does not map items to this record | Z21: Review triage-timeliness metrics and alerting configuration at the next review. | AA21: Conclusion driven primarily by LOG-01 and LOG-02 (Partially Effective) | AB21: Simulated portfolio scenario
A22: FRT-018 | B22: LOG-03 | C22: MAL-LMA-008 | D22: Security Logging & Monitoring Control Assessment | E22: §10–11 | F22: CTL-008 — Centralize and review security logs for suspicious activity affecting production AI systems (CIS 8) | G22: Partially Effective | H22: AST-001, AST-002, AST-007 (log sources); central logging capability has no distinct asset | I22: RSK-006 — nearest register risk, with mapping limitation (network-access risk); RSK-002 and RSK-003 noted as detection scenarios only | J22: LOG-03 — AI-Specific Detection Use-Case Maturity (Observation) | K22: The assessment scenario indicates that general security monitoring is established, but AI-specific detection use cases, such as anomalous model API access, unusual model-administration activity, or unexpected access patterns affecting AI data repositories, are not yet formally defined across the monitoring program. | L22: Observation | M22: Process-Improvement Observation | N22: Low (Observation) | O22: Low | P22: Security Operations Team | Q22: Security Operations Team | R22: Define and document prioritized AI-specific detection use cases for critical and high-classification production AI systems and incorporate them into the monitoring program’s detection and review procedures. | S22: Open (Simulated) | T22: Open (Simulated) | U22: Not performed — evidence not provided | V22: Q1 2027 (Simulated) | X22: Quarter (text) | Y22: Control-level evidence list EVD-050 to EVD-057 (Evidence Requests tab); the source does not map items to this record | Z22: Confirm defined AI-specific detection use-cases and their incorporation at a subsequent review. | AA22: None independently. The Partially Effective conclusion is driven primarily by LOG-01 and LOG-02. | AB22: Simulated portfolio scenario
A23: FRT-019 | B23: None assigned in source | C23: MAL-LMA-008 | D23: Security Logging & Monitoring Control Assessment | E23: §5 | F23: CTL-008 — Centralize and review security logs for suspicious activity affecting production AI systems (CIS 8) | G23: Partially Effective | H23: AST-001, AST-002, AST-007 (log sources in scope) | I23: None in register (coverage gap); nearest related: RSK-006 | J23: Risk-Register Coverage Gap — Undetected Suspicious Activity on Production AI Systems | K23: No current Risk Register entry specifically represents the risk that suspicious or malicious activity affecting production AI systems remains undetected because security logs are incomplete, not centralized, or inadequately reviewed. | L23: Observation | M23: Risk-Register Coverage Gap | N23: Not rated in source | O23: Not Rated | P23: Security Operations Team (proposed owner of the recommended risk record) | Q23: Security Operations Team | R23: Add such a risk (owner Security Operations Team) and link CTL-008 to it. | S23: Not stated in source | T23: No Status in Source | U23: Not performed — evidence not provided | V23: Not stated in source | X23: Not stated in source | Y23: Control-level evidence list EVD-050 to EVD-057 (Evidence Requests tab); the source does not map items to this record | Z23: Not Defined in Source | AA23: Described in source as an observation carried to the consolidated tracker; no rating impact stated. | AB23: Simulated portfolio scenario
A24: FRT-020 | B24: None assigned in source | C24: MAL-LMA-008 | D24: Security Logging & Monitoring Control Assessment | E24: §3 | F24: CTL-008 — Centralize and review security logs for suspicious activity affecting production AI systems (CIS 8) | G24: Partially Effective | H24: None — no distinct central logging / SIEM platform in the Asset Register | I24: None stated | J24: Asset-Register Traceability Observation — No Central Logging Platform Identified | K24: CTL-008 requires centralized security logging, but the current Asset Register does not identify a distinct central logging or SIEM platform. This assessment therefore evaluates the centralized logging capability as a control function operated by the Security Operations Team without assigning an unsupported platform or asset identifier. | L24: Observation | M24: Asset-Register Observation | N24: Not rated in source | O24: Not Rated | P24: Not specified in source | Q24: Not specified in source | R24: Consider adding the central logging platform to the Asset Register if it is maintained as a separately managed information asset. | S24: Not stated in source | T24: No Status in Source | U24: Not performed — evidence not provided | V24: Not stated in source | X24: Not stated in source | Y24: Control-level evidence list EVD-050 to EVD-057 (Evidence Requests tab); the source does not map items to this record | Z24: Not Defined in Source | AA24: Described in source as an observation carried to the consolidated tracker; no rating impact stated. | AB24: Simulated portfolio scenario
A25: FRT-021 | B25: APO-01 | C25: MAL-CAP-009 | D25: Compliance Assessment Plan & Evidence Request | E25: §11 | F25: CTL-009 — Perform documented compliance assessments of high-impact AI systems against applicable requirements (ISO 27001 A.5.31) | G25: Not Tested | H25: AST-001 (primary), AST-002 (supporting), AST-006 (reference only) — per MAL-CAP-009 §3 | I25: No dedicated risk in register; nearest (imperfect) risk referenced by title only: “Incomplete validation exploits insufficient testing coverage causing defective models to advance from Pre-Production AI Validation Environment” | J25: APO-01 — Incomplete Control Documentation | K25: The source control record does not expose a description or rationale, and the register does not define “high-impact AI system.” | L25: Planning Gap | M25: Planning Observation | N25: Not rated in source | O25: Not Rated | P25: Not specified in source | Q25: Not specified in source | R25: Confirm the authoritative control description, high-impact definition, and expected evidence before testing. | S25: Not stated in source | T25: No Status in Source | U25: Not performed — evidence not provided | V25: Not stated in source | X25: Not stated in source | Y25: Not specified in source — PBC list (EVD-058 to EVD-069) is control-level; the source does not map PBC items to planning observations | Z25: Not Defined in Source | AA25: None — planning observation, not a finding or control deficiency; no effectiveness conclusion drawn (Not Concluded). | AB25: Simulated portfolio scenario
A26: FRT-022 | B26: APO-02 | C26: MAL-CAP-009 | D26: Compliance Assessment Plan & Evidence Request | E26: §11 | F26: CTL-009 — Perform documented compliance assessments of high-impact AI systems against applicable requirements (ISO 27001 A.5.31) | G26: Not Tested | H26: AST-001 (primary), AST-002 (supporting), AST-006 (reference only) — per MAL-CAP-009 §3 | I26: No dedicated risk in register; nearest (imperfect) risk referenced by title only: “Incomplete validation exploits insufficient testing coverage causing defective models to advance from Pre-Production AI Validation Environment” | J26: APO-02 — Responsible AI Policy Not Finalized | K26: POL-006 (Responsible AI and Human Oversight Policy) has a source status of Under Review. | L26: Planning Gap | M26: Planning Observation | N26: Not rated in source | O26: Not Rated | P26: Not specified in source | Q26: Not specified in source | R26: Confirm the approved version and status before using it as formal assessment criteria. | S26: Not stated in source | T26: No Status in Source | U26: Not performed — evidence not provided | V26: Not stated in source | X26: Not stated in source | Y26: Not specified in source — PBC list (EVD-058 to EVD-069) is control-level; the source does not map PBC items to planning observations | Z26: Not Defined in Source | AA26: None — planning observation, not a finding or control deficiency; no effectiveness conclusion drawn (Not Concluded). | AB26: Simulated portfolio scenario
A27: FRT-023 | B27: APO-03 | C27: MAL-CAP-009 | D27: Compliance Assessment Plan & Evidence Request | E27: §11 (see also §6.2) | F27: CTL-009 — Perform documented compliance assessments of high-impact AI systems against applicable requirements (ISO 27001 A.5.31) | G27: Not Tested | H27: AST-001 (primary), AST-002 (supporting), AST-006 (reference only) — per MAL-CAP-009 §3 | I27: No dedicated risk in register; nearest (imperfect) risk referenced by title only: “Incomplete validation exploits insufficient testing coverage causing defective models to advance from Pre-Production AI Validation Environment” | J27: APO-03 — Compliance Risk Coverage Gap | K27: No dedicated risk addresses failure to assess high-impact AI systems against applicable requirements. | L27: Planning Gap | M27: Planning Observation | N27: Not rated in source | O27: Not Rated | P27: GRC Team (proposed owner of the recommended risk record) | Q27: GRC Team | R27: Consider a dedicated compliance risk owned by the GRC Team, linked to CTL-009. Carry to the Findings & Remediation Tracker. | S27: Not stated in source | T27: No Status in Source | U27: Not performed — evidence not provided | V27: Not stated in source | X27: Not stated in source | Y27: Not specified in source — PBC list (EVD-058 to EVD-069) is control-level; the source does not map PBC items to planning observations | Z27: Not Defined in Source | AA27: None — planning observation, not a finding or control deficiency; no effectiveness conclusion drawn (Not Concluded). | AB27: Simulated portfolio scenario
A28: FRT-024 | B28: APO-04 | C28: MAL-CAP-009 | D28: Compliance Assessment Plan & Evidence Request | E28: §11 (see also §6.3) | F28: CTL-009 — Perform documented compliance assessments of high-impact AI systems against applicable requirements (ISO 27001 A.5.31) | G28: Not Tested | H28: AST-001 (primary), AST-002 (supporting), AST-006 (reference only) — per MAL-CAP-009 §3 | I28: No dedicated risk in register; nearest (imperfect) risk referenced by title only: “Incomplete validation exploits insufficient testing coverage causing defective models to advance from Pre-Production AI Validation Environment” | J28: APO-04 — Compliance Risk Appetite Coverage | K28: No dedicated Compliance appetite statement is represented in the available risk-appetite records. | L28: Planning Gap | M28: Planning Observation | N28: Not rated in source | O28: Not Rated | P28: Not specified in source | Q28: Not specified in source | R28: Confirm whether compliance risk is governed under another approved appetite category or whether a dedicated statement should be established. | S28: Not stated in source | T28: No Status in Source | U28: Not performed — evidence not provided | V28: Not stated in source | X28: Not stated in source | Y28: Not specified in source — PBC list (EVD-058 to EVD-069) is control-level; the source does not map PBC items to planning observations | Z28: Not Defined in Source | AA28: None — planning observation, not a finding or control deficiency; no effectiveness conclusion drawn (Not Concluded). | AB28: Simulated portfolio scenario
A29: FRT-025 | B29: VRA-01 | C29: MAL-VRA-010 | D29: Third-Party AI Vendor Risk Assessment | E29: §11–12 | F29: CTL-010 — Assess security and privacy risks before approving third-party AI vendors and services (SOC 2 CC9.2) | G29: Ineffective | H29: None established in source (no register asset is a vendor; AST-001 would be relevant only if a third-party AI service accessed it — no such relationship is asserted) | I29: No primary risk in register (coverage gap, §5.1); no vendor-to-risk linkage established in source | J29: VRA-01 — Pre-Approval Assessment Not Consistently Performed and Documented (Finding) | K29: The simulated scenario indicates that third-party AI vendors and services subject to approval during the assessment period can proceed to approval without a completed and documented security and privacy risk assessment, or with the assessment completed after the approval decision. (Simulated.) | L29: Confirmed Finding (Simulated) | M29: Control Deficiency (Finding) | N29: High | O29: High | P29: Third-Party Risk Management Team, with Privacy and Compliance Team support | Q29: Third-Party Risk Management Team | R29: Establish a mandatory pre-approval gate under which no vendor or service is approved or onboarded without a completed, documented security and privacy assessment and recorded sign-off. Assess retrospectively any approved vendors and services that lack an assessment, starting with those handling sensitive data. | S29: Open (Simulated) | T29: Open (Simulated) | U29: Not performed — evidence not provided | V29: November 30, 2026 (Simulated) | W29: 46356 | X29: Exact date | Y29: Source-stated via attribute mapping: EVD-074 (EV-05), EVD-075 (EV-06), EVD-076 (EV-07), EVD-077 (EV-08), EVD-078 (EV-09), EVD-079 (EV-10), EVD-080 (EV-11), EVD-081 (EV-12) | Z29: Re-perform against the approval population for the next assessment period and confirm every approval is preceded by a completed assessment. | AA29: Primary driver of the Ineffective conclusion. | AB29: Simulated portfolio scenario
A30: FRT-026 | B30: VRA-02 | C30: MAL-VRA-010 | D30: Third-Party AI Vendor Risk Assessment | E30: §11–12 | F30: CTL-010 — Assess security and privacy risks before approving third-party AI vendors and services (SOC 2 CC9.2) | G30: Ineffective | H30: None established in source (no register asset is a vendor; AST-001 would be relevant only if a third-party AI service accessed it — no such relationship is asserted) | I30: No primary risk in register (coverage gap, §5.1); no vendor-to-risk linkage established in source | J30: VRA-02 — Vendor Risk Assessment Criteria and Tiering Not Defined (Finding) | K30: The simulated scenario indicates that no defined vendor risk-tiering methodology or consistent security and privacy assessment criteria for AI vendors and services are in place, so assessment depth is not set by vendor criticality or data sensitivity. (Simulated.) | L30: Confirmed Finding (Simulated) | M30: Control Deficiency (Finding) | N30: Medium | O30: Medium | P30: Third-Party Risk Management Team, with Privacy and Compliance Team and Information Security Team consulted | Q30: Third-Party Risk Management Team | R30: Define a vendor tiering methodology and minimum security and privacy assessment criteria for AI services (for example, data handling, model and data-use terms, incident notification, and sub-processor use), with assessment depth tied to tier. | S30: Open (Simulated) | T30: Open (Simulated) | U30: Not performed — evidence not provided | V30: December 31, 2026 (Simulated) | W30: 46387 | X30: Exact date | Y30: Source-stated via attribute mapping: EVD-072 (EV-03), EVD-073 (EV-04) | Z30: Confirm the approved methodology and criteria are applied to new approval requests at the next assessment. | AA30: Contributing deficiency. | AB30: Simulated portfolio scenario
A31: FRT-027 | B31: VRA-03 | C31: MAL-VRA-010 | D31: Third-Party AI Vendor Risk Assessment | E31: §11–12 | F31: CTL-010 — Assess security and privacy risks before approving third-party AI vendors and services (SOC 2 CC9.2) | G31: Ineffective | H31: None established in source (no register asset is a vendor; AST-001 would be relevant only if a third-party AI service accessed it — no such relationship is asserted) | I31: No primary risk in register (coverage gap, §5.1); no vendor-to-risk linkage established in source | J31: VRA-03 — Third-Party Governance Documentation and Inventory Gap (Finding) | K31: The simulated scenario indicates that third-party AI governance is not supported by a documented third-party risk policy within the available Policy Register, and the available source records do not provide a vendor/service inventory from which the population subject to CTL-010 can be established. | L31: Confirmed Finding (Simulated) | M31: Control Deficiency (Finding) | N31: Medium | O31: Medium | P31: Third-Party Risk Management Team, with GRC Team support for policy governance | Q31: Third-Party Risk Management Team | R31: Establish documented third-party AI risk governance requirements and maintain an authoritative inventory of third-party AI vendors and services subject to security and privacy assessment. | S31: Open (Simulated) | T31: Open (Simulated) | U31: Not performed — evidence not provided | V31: December 31, 2026 (Simulated) | W31: 46387 | X31: Exact date | Y31: Source-stated via attribute mapping: EVD-070 (EV-01), EVD-071 (EV-02), EVD-074 (EV-05) | Z31: Confirm an approved policy and an inventory reconciled to the approval population. | AA31: Contributing design / governance deficiency. | AB31: Simulated portfolio scenario
A32: FRT-028 | B32: VRA-04 | C32: MAL-VRA-010 | D32: Third-Party AI Vendor Risk Assessment | E32: §11–12 | F32: CTL-010 — Assess security and privacy risks before approving third-party AI vendors and services (SOC 2 CC9.2) | G32: Ineffective | H32: None established in source (no register asset is a vendor; AST-001 would be relevant only if a third-party AI service accessed it — no such relationship is asserted) | I32: No primary risk in register (coverage gap, §5.1); no vendor-to-risk linkage established in source | J32: VRA-04 — Ongoing Third-Party Monitoring Maturity (Observation) | K32: The simulated scenario indicates that monitoring and reassessment of vendors and services after approval are not clearly defined beyond KRI-006 reporting. (Simulated.) | L32: Observation | M32: Process-Improvement Observation | N32: Low (Observation) | O32: Low | P32: Third-Party Risk Management Team | Q32: Third-Party Risk Management Team | R32: Define reassessment triggers and frequency by vendor tier and link them to KRI-006 reporting. | S32: Open (Simulated) | T32: Open (Simulated) | U32: Not performed — evidence not provided | V32: Q1 2027 (Simulated) | X32: Quarter (text) | Y32: Source-stated via attribute mapping: EVD-082 (EV-13) | Z32: Confirm defined reassessment triggers at a subsequent assessment. | AA32: None independently. | AB32: Simulated portfolio scenario
A33: FRT-029 | B33: None assigned in source | C33: MAL-VRA-010 | D33: Third-Party AI Vendor Risk Assessment | E33: §5.3 | F33: CTL-010 — Assess security and privacy risks before approving third-party AI vendors and services (SOC 2 CC9.2) | G33: Ineffective | H33: None established in source | I33: None in register (coverage gap) | J33: Risk-Register Coverage Gap — Third-Party AI Vendor and Service Risk | K33: The Risk Register does not contain a risk specifically addressing failure to identify, assess, approve, or monitor security and privacy risks associated with third-party AI vendors and services. | L33: Observation | M33: Risk-Register Coverage Gap | N33: Not rated in source | O33: Not Rated | P33: Third-Party Risk Management Team (proposed owner of the recommended risk record) | Q33: Third-Party Risk Management Team | R33: Establish a dedicated third-party risk owned by the Third-Party Risk Management Team and link CTL-010 as a mitigating control. No identifier is assigned to this proposed risk because it is not in the register. | S33: Not stated in source | T33: No Status in Source | U33: Not performed — evidence not provided | V33: Not stated in source | X33: Not stated in source | Y33: Control-level evidence list EVD-070 to EVD-083 (Evidence Requests tab); the source does not map items to this record | Z33: Not Defined in Source | AA33: Described in source as a coverage gap carried to the consolidated tracker; no rating impact stated. | AB33: Simulated portfolio scenario

Sheet Remediation Actions
A1: Remediation Actions
A2: SIMULATED GRC PRACTICE ENVIRONMENT — All findings, observations, planning gaps, statuses, target dates and assessment results in this workbook belong to a simulated portfolio scenario (MindfulAI Labs). They do not represent verified production-system testing, actual evidence, management approvals, or an actual organization.
A3: One row per source recommendation. No actions, dates or completions have been added beyond what the source documents state.
A4: Action ID | B4: Linked Tracker ID | C4: Original Source ID | D4: Source Document ID | E4: Linked Classification | F4: Linked Severity (As Documented) | G4: Action Description (As Documented) | H4: Action Owner (As Documented) | I4: Action Status (As Documented) | J4: Reported Status Group (Analyst-Derived) | K4: Target Date (As Documented) | L4: Target Date (Exact) | M4: Validation Step (Source) | N4: Completion Evidence Received | O4: Independent Closure Validation | P4: Simulation Flag
A5: REM-001 | B5: FRT-001 | C5: OBS-01 | D5: MAL-CHK-001 | E5: =INDEX(Findings!$L$5:$L$33,MATCH($B5,Findings!$A$5:$A$33,0)) -> Observation | F5: =INDEX(Findings!$N$5:$N$33,MATCH($B5,Findings!$A$5:$A$33,0)) -> Not separately rated; Risk / Impact: Low | G5: Continue monitoring field completeness in future quarterly validations and confirm the field remains excluded from model input. | H5: Data Science Team | I5: Records retained; reviewed and accepted by the Data Science Team | J5: Accepted by Owner (per source) | K5: Not stated in source | M5: Not Defined in Source | N5: None provided | O5: Not performed — evidence not provided | P5: Simulated portfolio scenario
A6: REM-002 | B6: FRT-002 | C6: ACR-01 | D6: MAL-ACR-002 | E6: =INDEX(Findings!$L$5:$L$33,MATCH($B6,Findings!$A$5:$A$33,0)) -> Confirmed Finding (Simulated) | F6: =INDEX(Findings!$N$5:$N$33,MATCH($B6,Findings!$A$5:$A$33,0)) -> Medium | G6: Revoke the retained entitlements and incorporate mover events into the joiner/mover/leaver (JML) process, with HR-triggered, automated recalculation of access on role change. | H6: IAM Team (execution), with Data Science Team (resource-owner approval) | I6: In Progress (Simulated) | J6: In Progress (Simulated) | K6: October 31, 2026 (Simulated) | L6: 46326 | M6: Not Defined in Source | N6: None provided | O6: Not performed — evidence not provided | P6: Simulated portfolio scenario
A7: REM-003 | B7: FRT-003 | C7: ACR-02 | D7: MAL-ACR-002 | E7: =INDEX(Findings!$L$5:$L$33,MATCH($B7,Findings!$A$5:$A$33,0)) -> Confirmed Finding (Simulated) | F7: =INDEX(Findings!$N$5:$N$33,MATCH($B7,Findings!$A$5:$A$33,0)) -> Medium-High | G7: Downgrade both accounts to read-only; enforce the authoritative role-to-entitlement mapping; require documented business justification and periodic recertification for any write-level access. | H7: IAM Team (execution), with Data Science Team (resource-owner approval) | I7: In Progress (Simulated) | J7: In Progress (Simulated) | K7: October 31, 2026 (Simulated) | L7: 46326 | M7: Not Defined in Source | N7: None provided | O7: Not performed — evidence not provided | P7: Simulated portfolio scenario
A8: REM-004 | B8: FRT-004 | C8: ACR-03 | D8: MAL-ACR-002 | E8: =INDEX(Findings!$L$5:$L$33,MATCH($B8,Findings!$A$5:$A$33,0)) -> Confirmed Finding (Simulated) | F8: =INDEX(Findings!$N$5:$N$33,MATCH($B8,Findings!$A$5:$A$33,0)) -> High (window) | G8: Account disablement for contractor test identity C-207 — as reported in the source status field (“account disabled”). Not a separate recommendation in the source. | H8: IAM Team (execution), with HR / Vendor Management (notification of end dates) | I8: Remediated (Simulated) — account disabled | J8: Reported Remediated (Simulated) | K8: Not stated in source | M8: Not Defined in Source | N8: None provided | O8: Not performed — evidence not provided | P8: Simulated portfolio scenario
A9: REM-005 | B9: FRT-004 | C9: ACR-03 | D9: MAL-ACR-002 | E9: =INDEX(Findings!$L$5:$L$33,MATCH($B9,Findings!$A$5:$A$33,0)) -> Confirmed Finding (Simulated) | F9: =INDEX(Findings!$N$5:$N$33,MATCH($B9,Findings!$A$5:$A$33,0)) -> High (window) | G9: Implement event-driven deprovisioning tied to contract end dates; perform leaver reconciliation each quarter; generate alerts for any account active past its associated end date. | H9: IAM Team (execution), with HR / Vendor Management (notification of end dates) | I9: Open — underlying process fix (per source status: “underlying process fix Open”) | J9: Open (Simulated) | K9: November 15, 2026 (Simulated) for the process fix | L9: 46341 | M9: Not Defined in Source | N9: None provided | O9: Not performed — evidence not provided | P9: Simulated portfolio scenario
A10: REM-006 | B10: FRT-005 | C10: OBS-01 | D10: MAL-CTW-003 | E10: =INDEX(Findings!$L$5:$L$33,MATCH($B10,Findings!$A$5:$A$33,0)) -> Observation | F10: =INDEX(Findings!$N$5:$N$33,MATCH($B10,Findings!$A$5:$A$33,0)) -> Not separately rated; Risk / Impact: Low | G10: Adopt a standardized rollback-plan template within the change record so that rollback steps are consistently documented in sufficient detail. | H10: AI Engineering Team | I10: Open (Simulated) — process improvement | J10: Open (Simulated) | K10: October 31, 2026 (Simulated) | L10: 46326 | M10: Not Defined in Source | N10: None provided | O10: Not performed — evidence not provided | P10: Simulated portfolio scenario
A11: REM-007 | B11: FRT-006 | C11: OBS-01 | D11: MAL-STD-004 | E11: =INDEX(Findings!$L$5:$L$33,MATCH($B11,Findings!$A$5:$A$33,0)) -> Observation | F11: =INDEX(Findings!$N$5:$N$33,MATCH($B11,Findings!$A$5:$A$33,0)) -> Not separately rated; Risk / Impact: Low | G11: Establish a documented quarterly review of break-glass account activity, with review ownership, evidence retention, and escalation requirements. | H11: IAM Team | I11: Open (Simulated) | J11: Open (Simulated) | K11: Q4 2026 | M11: Verify the review requirement and supporting evidence during the next quarterly conformance assessment. | N11: None provided | O11: Not performed — evidence not provided | P11: Simulated portfolio scenario
A12: REM-008 | B12: FRT-007 | C12: VUL-01 | D12: MAL-VMA-005 | E12: =INDEX(Findings!$L$5:$L$33,MATCH($B12,Findings!$A$5:$A$33,0)) -> Confirmed Finding (Simulated) | F12: =INDEX(Findings!$N$5:$N$33,MATCH($B12,Findings!$A$5:$A$33,0)) -> Medium | G12: Reconcile the API/endpoint inventory to the authenticated scan scope each monthly cycle and add a coverage-completeness check that flags any production endpoint not covered by a scan in the period. | H12: Application Security Team (execution), with Clinical AI & Machine Learning Team (asset-owner support) | I12: In Progress (Simulated) | J12: In Progress (Simulated) | K12: November 30, 2026 (Simulated) | L12: 46356 | M12: Re-confirm scope-to-inventory reconciliation and coverage evidence at the next monthly assessment. | N12: None provided | O12: Not performed — evidence not provided | P12: Simulated portfolio scenario
A13: REM-009 | B13: FRT-008 | C13: VUL-02 | D13: MAL-VMA-005 | E13: =INDEX(Findings!$L$5:$L$33,MATCH($B13,Findings!$A$5:$A$33,0)) -> Confirmed Finding (Simulated) | F13: =INDEX(Findings!$N$5:$N$33,MATCH($B13,Findings!$A$5:$A$33,0)) -> Medium | G13: Enforce severity-based remediation SLAs, escalate overdue items to the asset owner and management, and report SLA-adherence metrics on the control’s monthly cadence. | H13: Application Security Team (tracking), with Clinical AI & Machine Learning Team (accountable for remediation) and AI Engineering Team (fixes) | I13: In Progress (Simulated) | J13: In Progress (Simulated) | K13: November 30, 2026 (Simulated) | L13: 46356 | M13: Review SLA-adherence metrics and overdue-item aging at the next monthly assessment. | N13: None provided | O13: Not performed — evidence not provided | P13: Simulated portfolio scenario
A14: REM-010 | B14: FRT-009 | C14: VUL-03 | D14: MAL-VMA-005 | E14: =INDEX(Findings!$L$5:$L$33,MATCH($B14,Findings!$A$5:$A$33,0)) -> Observation | F14: =INDEX(Findings!$N$5:$N$33,MATCH($B14,Findings!$A$5:$A$33,0)) -> Low (Observation) | G14: Extend the testing program to include AI/LLM-specific test cases for production AI APIs, aligned to emerging AI-security testing guidance; pilot on the in-scope service first. | H14: Application Security Team | I14: Open (Simulated) | J14: Open (Simulated) | K14: Q4 2026 (Simulated) | M14: Confirm AI-specific test cases and results at a subsequent assessment. | N14: None provided | O14: Not performed — evidence not provided | P14: Simulated portfolio scenario
A15: REM-011 | B15: FRT-010 | C15: None assigned in source | D15: MAL-VMA-005 | E15: =INDEX(Findings!$L$5:$L$33,MATCH($B15,Findings!$A$5:$A$33,0)) -> Observation | F15: =INDEX(Findings!$N$5:$N$33,MATCH($B15,Findings!$A$5:$A$33,0)) -> Not rated in source | G15: Add a risk record for “exploitable vulnerabilities in production AI APIs” (owner Application Security Team) and link CTL-005 to it. | H15: Application Security Team (proposed owner of the recommended risk record) | I15: Not stated in source | J15: No Status in Source | K15: Not stated in source | M15: Not Defined in Source | N15: None provided | O15: Not performed — evidence not provided | P15: Simulated portfolio scenario
A16: REM-012 | B16: FRT-011 | C16: PRV-01 | D16: MAL-PIA-006 | E16: =INDEX(Findings!$L$5:$L$33,MATCH($B16,Findings!$A$5:$A$33,0)) -> Confirmed Finding (Simulated) | F16: =INDEX(Findings!$N$5:$N$33,MATCH($B16,Findings!$A$5:$A$33,0)) -> Medium | G16: For each in-scope dataset, maintain a data inventory mapping every personal-data element to a documented necessity justification tied to the processing purpose; remove or justify elements that are not necessary; record decisions each review cycle. | H16: Privacy and Compliance Team (review), with Data Science Team and Clinical AI & Machine Learning Team (asset owners) | I16: In Progress (Simulated) | J16: In Progress (Simulated) | K16: December 31, 2026 (Simulated) | L16: 46387 | M16: Re-confirm the documented necessity mapping and minimization decisions at the next quarterly review. | N16: None provided | O16: Not performed — evidence not provided | P16: Simulated portfolio scenario
A17: REM-013 | B17: FRT-012 | C17: PRV-02 | D17: MAL-PIA-006 | E17: =INDEX(Findings!$L$5:$L$33,MATCH($B17,Findings!$A$5:$A$33,0)) -> Confirmed Finding (Simulated) | F17: =INDEX(Findings!$N$5:$N$33,MATCH($B17,Findings!$A$5:$A$33,0)) -> Medium | G17: Define a consistent safeguard standard (masking / pseudonymization and access restriction) for personal-data elements before processing, apply it across all in-scope datasets, and record the safeguards applied per dataset. | H17: Privacy and Compliance Team (standard), with Data Science Team / AI Engineering Team (implementation) and Data Protection Team (clinical backup) | I17: In Progress (Simulated) | J17: In Progress (Simulated) | K17: December 31, 2026 (Simulated) | L17: 46387 | M17: Review safeguard-application records per dataset at the next quarterly review. | N17: None provided | O17: Not performed — evidence not provided | P17: Simulated portfolio scenario
A18: REM-014 | B18: FRT-013 | C18: PRV-03 | D18: MAL-PIA-006 | E18: =INDEX(Findings!$L$5:$L$33,MATCH($B18,Findings!$A$5:$A$33,0)) -> Observation | F18: =INDEX(Findings!$N$5:$N$33,MATCH($B18,Findings!$A$5:$A$33,0)) -> Low (Observation) | G18: Define retention periods for personal data in each in-scope dataset aligned to the processing purpose, implement periodic deletion / review, and formalize a retention schedule. | H18: Privacy and Compliance Team | I18: Open (Simulated) | J18: Open (Simulated) | K18: Q1 2027 (Simulated) | M18: Confirm the retention schedule and enforcement evidence at a subsequent review. | N18: None provided | O18: Not performed — evidence not provided | P18: Simulated portfolio scenario
A19: REM-015 | B19: FRT-014 | C19: None assigned in source | D19: MAL-PIA-006 | E19: =INDEX(Findings!$L$5:$L$33,MATCH($B19,Findings!$A$5:$A$33,0)) -> Observation | F19: =INDEX(Findings!$N$5:$N$33,MATCH($B19,Findings!$A$5:$A$33,0)) -> Not rated in source | G19: Add a risk record for “unnecessary personal data / non-compliant processing in AI datasets” (owner Privacy and Compliance Team) and link CTL-006 to it. | H19: Privacy and Compliance Team (proposed owner of the recommended risk record) | I19: Not stated in source | J19: No Status in Source | K19: Not stated in source | M19: Not Defined in Source | N19: None provided | O19: Not performed — evidence not provided | P19: Simulated portfolio scenario
A20: REM-016 | B20: FRT-015 | C20: OBS-01 | D20: MAL-BRT-007 | E20: =INDEX(Findings!$L$5:$L$33,MATCH($B20,Findings!$A$5:$A$33,0)) -> Observation | F20: =INDEX(Findings!$N$5:$N$33,MATCH($B20,Findings!$A$5:$A$33,0)) -> Low | G20: Add standardized RTO / RPO target and actual-result fields to future quarterly recovery test records to strengthen repeatability, trend analysis, and management reporting. | H20: Infrastructure Operations Team | I20: Open (Simulated) | J20: Open (Simulated) | K20: Q1 2027 (Simulated) | M20: Confirm the enhanced RTO / RPO fields are present in the next quarterly recovery test record. | N20: None provided | O20: Not performed — evidence not provided | P20: Simulated portfolio scenario
A21: REM-017 | B21: FRT-016 | C21: LOG-01 | D21: MAL-LMA-008 | E21: =INDEX(Findings!$L$5:$L$33,MATCH($B21,Findings!$A$5:$A$33,0)) -> Confirmed Finding (Simulated) | F21: =INDEX(Findings!$N$5:$N$33,MATCH($B21,Findings!$A$5:$A$33,0)) -> Medium | G21: Reconcile the in-scope production AI systems to the central logging source inventory; onboard any missing source; add a periodic coverage-completeness check that flags any in-scope system not forwarding logs. | H21: Security Operations Team (central logging), with the relevant log-source / asset owners | I21: In Progress (Simulated) | J21: In Progress (Simulated) | K21: December 31, 2026 (Simulated) | L21: 46387 | M21: Re-confirm source-to-inventory reconciliation and coverage evidence at the next review. | N21: None provided | O21: Not performed — evidence not provided | P21: Simulated portfolio scenario
A22: REM-018 | B22: FRT-017 | C22: LOG-02 | D22: MAL-LMA-008 | E22: =INDEX(Findings!$L$5:$L$33,MATCH($B22,Findings!$A$5:$A$33,0)) -> Confirmed Finding (Simulated) | F22: =INDEX(Findings!$N$5:$N$33,MATCH($B22,Findings!$A$5:$A$33,0)) -> Medium | G22: Define review / triage timeframes and alerting thresholds for suspicious activity on in-scope systems; document who reviews, how often, and escalation paths; report review / triage timeliness metrics. | H22: Security Operations Team | I22: In Progress (Simulated) | J22: In Progress (Simulated) | K22: December 31, 2026 (Simulated) | L22: 46387 | M22: Review triage-timeliness metrics and alerting configuration at the next review. | N22: None provided | O22: Not performed — evidence not provided | P22: Simulated portfolio scenario
A23: REM-019 | B23: FRT-018 | C23: LOG-03 | D23: MAL-LMA-008 | E23: =INDEX(Findings!$L$5:$L$33,MATCH($B23,Findings!$A$5:$A$33,0)) -> Observation | F23: =INDEX(Findings!$N$5:$N$33,MATCH($B23,Findings!$A$5:$A$33,0)) -> Low (Observation) | G23: Define and document prioritized AI-specific detection use cases for critical and high-classification production AI systems and incorporate them into the monitoring program’s detection and review procedures. | H23: Security Operations Team | I23: Open (Simulated) | J23: Open (Simulated) | K23: Q1 2027 (Simulated) | M23: Confirm defined AI-specific detection use-cases and their incorporation at a subsequent review. | N23: None provided | O23: Not performed — evidence not provided | P23: Simulated portfolio scenario
A24: REM-020 | B24: FRT-019 | C24: None assigned in source | D24: MAL-LMA-008 | E24: =INDEX(Findings!$L$5:$L$33,MATCH($B24,Findings!$A$5:$A$33,0)) -> Observation | F24: =INDEX(Findings!$N$5:$N$33,MATCH($B24,Findings!$A$5:$A$33,0)) -> Not rated in source | G24: Add such a risk (owner Security Operations Team) and link CTL-008 to it. | H24: Security Operations Team (proposed owner of the recommended risk record) | I24: Not stated in source | J24: No Status in Source | K24: Not stated in source | M24: Not Defined in Source | N24: None provided | O24: Not performed — evidence not provided | P24: Simulated portfolio scenario
A25: REM-021 | B25: FRT-020 | C25: None assigned in source | D25: MAL-LMA-008 | E25: =INDEX(Findings!$L$5:$L$33,MATCH($B25,Findings!$A$5:$A$33,0)) -> Observation | F25: =INDEX(Findings!$N$5:$N$33,MATCH($B25,Findings!$A$5:$A$33,0)) -> Not rated in source | G25: Consider adding the central logging platform to the Asset Register if it is maintained as a separately managed information asset. | H25: Not specified in source | I25: Not stated in source | J25: No Status in Source | K25: Not stated in source | M25: Not Defined in Source | N25: None provided | O25: Not performed — evidence not provided | P25: Simulated portfolio scenario
A26: REM-022 | B26: FRT-021 | C26: APO-01 | D26: MAL-CAP-009 | E26: =INDEX(Findings!$L$5:$L$33,MATCH($B26,Findings!$A$5:$A$33,0)) -> Planning Gap | F26: =INDEX(Findings!$N$5:$N$33,MATCH($B26,Findings!$A$5:$A$33,0)) -> Not rated in source | G26: Confirm the authoritative control description, high-impact definition, and expected evidence before testing. | H26: Not specified in source | I26: Not stated in source | J26: No Status in Source | K26: Not stated in source | M26: Not Defined in Source | N26: None provided | O26: Not performed — evidence not provided | P26: Simulated portfolio scenario
A27: REM-023 | B27: FRT-022 | C27: APO-02 | D27: MAL-CAP-009 | E27: =INDEX(Findings!$L$5:$L$33,MATCH($B27,Findings!$A$5:$A$33,0)) -> Planning Gap | F27: =INDEX(Findings!$N$5:$N$33,MATCH($B27,Findings!$A$5:$A$33,0)) -> Not rated in source | G27: Confirm the approved version and status before using it as formal assessment criteria. | H27: Not specified in source | I27: Not stated in source | J27: No Status in Source | K27: Not stated in source | M27: Not Defined in Source | N27: None provided | O27: Not performed — evidence not provided | P27: Simulated portfolio scenario
A28: REM-024 | B28: FRT-023 | C28: APO-03 | D28: MAL-CAP-009 | E28: =INDEX(Findings!$L$5:$L$33,MATCH($B28,Findings!$A$5:$A$33,0)) -> Planning Gap | F28: =INDEX(Findings!$N$5:$N$33,MATCH($B28,Findings!$A$5:$A$33,0)) -> Not rated in source | G28: Consider a dedicated compliance risk owned by the GRC Team, linked to CTL-009. Carry to the Findings & Remediation Tracker. | H28: GRC Team (proposed owner of the recommended risk record) | I28: Not stated in source | J28: No Status in Source | K28: Not stated in source | M28: Not Defined in Source | N28: None provided | O28: Not performed — evidence not provided | P28: Simulated portfolio scenario
A29: REM-025 | B29: FRT-024 | C29: APO-04 | D29: MAL-CAP-009 | E29: =INDEX(Findings!$L$5:$L$33,MATCH($B29,Findings!$A$5:$A$33,0)) -> Planning Gap | F29: =INDEX(Findings!$N$5:$N$33,MATCH($B29,Findings!$A$5:$A$33,0)) -> Not rated in source | G29: Confirm whether compliance risk is governed under another approved appetite category or whether a dedicated statement should be established. | H29: Not specified in source | I29: Not stated in source | J29: No Status in Source | K29: Not stated in source | M29: Not Defined in Source | N29: None provided | O29: Not performed — evidence not provided | P29: Simulated portfolio scenario
A30: REM-026 | B30: FRT-025 | C30: VRA-01 | D30: MAL-VRA-010 | E30: =INDEX(Findings!$L$5:$L$33,MATCH($B30,Findings!$A$5:$A$33,0)) -> Confirmed Finding (Simulated) | F30: =INDEX(Findings!$N$5:$N$33,MATCH($B30,Findings!$A$5:$A$33,0)) -> High | G30: Establish a mandatory pre-approval gate under which no vendor or service is approved or onboarded without a completed, documented security and privacy assessment and recorded sign-off. Assess retrospectively any approved vendors and services that lack an assessment, starting with those handling sensitive data. | H30: Third-Party Risk Management Team, with Privacy and Compliance Team support | I30: Open (Simulated) | J30: Open (Simulated) | K30: November 30, 2026 (Simulated) | L30: 46356 | M30: Re-perform against the approval population for the next assessment period and confirm every approval is preceded by a completed assessment. | N30: None provided | O30: Not performed — evidence not provided | P30: Simulated portfolio scenario
A31: REM-027 | B31: FRT-026 | C31: VRA-02 | D31: MAL-VRA-010 | E31: =INDEX(Findings!$L$5:$L$33,MATCH($B31,Findings!$A$5:$A$33,0)) -> Confirmed Finding (Simulated) | F31: =INDEX(Findings!$N$5:$N$33,MATCH($B31,Findings!$A$5:$A$33,0)) -> Medium | G31: Define a vendor tiering methodology and minimum security and privacy assessment criteria for AI services (for example, data handling, model and data-use terms, incident notification, and sub-processor use), with assessment depth tied to tier. | H31: Third-Party Risk Management Team, with Privacy and Compliance Team and Information Security Team consulted | I31: Open (Simulated) | J31: Open (Simulated) | K31: December 31, 2026 (Simulated) | L31: 46387 | M31: Confirm the approved methodology and criteria are applied to new approval requests at the next assessment. | N31: None provided | O31: Not performed — evidence not provided | P31: Simulated portfolio scenario
A32: REM-028 | B32: FRT-027 | C32: VRA-03 | D32: MAL-VRA-010 | E32: =INDEX(Findings!$L$5:$L$33,MATCH($B32,Findings!$A$5:$A$33,0)) -> Confirmed Finding (Simulated) | F32: =INDEX(Findings!$N$5:$N$33,MATCH($B32,Findings!$A$5:$A$33,0)) -> Medium | G32: Establish documented third-party AI risk governance requirements and maintain an authoritative inventory of third-party AI vendors and services subject to security and privacy assessment. | H32: Third-Party Risk Management Team, with GRC Team support for policy governance | I32: Open (Simulated) | J32: Open (Simulated) | K32: December 31, 2026 (Simulated) | L32: 46387 | M32: Confirm an approved policy and an inventory reconciled to the approval population. | N32: None provided | O32: Not performed — evidence not provided | P32: Simulated portfolio scenario
A33: REM-029 | B33: FRT-028 | C33: VRA-04 | D33: MAL-VRA-010 | E33: =INDEX(Findings!$L$5:$L$33,MATCH($B33,Findings!$A$5:$A$33,0)) -> Observation | F33: =INDEX(Findings!$N$5:$N$33,MATCH($B33,Findings!$A$5:$A$33,0)) -> Low (Observation) | G33: Define reassessment triggers and frequency by vendor tier and link them to KRI-006 reporting. | H33: Third-Party Risk Management Team | I33: Open (Simulated) | J33: Open (Simulated) | K33: Q1 2027 (Simulated) | M33: Confirm defined reassessment triggers at a subsequent assessment. | N33: None provided | O33: Not performed — evidence not provided | P33: Simulated portfolio scenario
A34: REM-030 | B34: FRT-029 | C34: None assigned in source | D34: MAL-VRA-010 | E34: =INDEX(Findings!$L$5:$L$33,MATCH($B34,Findings!$A$5:$A$33,0)) -> Observation | F34: =INDEX(Findings!$N$5:$N$33,MATCH($B34,Findings!$A$5:$A$33,0)) -> Not rated in source | G34: Establish a dedicated third-party risk owned by the Third-Party Risk Management Team and link CTL-010 as a mitigating control. No identifier is assigned to this proposed risk because it is not in the register. | H34: Third-Party Risk Management Team (proposed owner of the recommended risk record) | I34: Not stated in source | J34: No Status in Source | K34: Not stated in source | M34: Not Defined in Source | N34: None provided | O34: Not performed — evidence not provided | P34: Simulated portfolio scenario

Sheet Evidence Requests
A1: Evidence Requests
A2: SIMULATED GRC PRACTICE ENVIRONMENT — All findings, observations, planning gaps, statuses, target dates and assessment results in this workbook belong to a simulated portfolio scenario (MindfulAI Labs). They do not represent verified production-system testing, actual evidence, management approvals, or an actual organization.
A3: Evidence requirements are kept separate from findings. A missing evidence item is not, by itself, a control deficiency.
A4: Evidence Tracker ID | B4: Original Evidence ID | C4: Source Document ID | D4: Source Section | E4: Related Control | F4: Evidence Item (As Documented) | G4: Source Status (As Documented) | H4: Requested From (As Documented) | I4: Linked Attribute (Source) | J4: Linked Record(s) — Source-Stated | K4: Link Basis | L4: Evidence Received | M4: Treated as Control Deficiency? | N4: Simulation Flag
A5: EVD-001 | B5: None assigned in source | C5: MAL-CHK-001 | D5: §8 | E5: CTL-mu0tgvxq (ISO 27001 A.5.12) | F5: Data quality profiling report | G5: Evidence Required — Not Provided (Simulated Requirement) | H5: Not specified in source | I5: Not stated in source | J5: Control-level only | K5: Source does not map this item to a specific finding | L5: No | M5: No — evidence requirement only | N5: Simulated portfolio scenario
A6: EVD-002 | B6: None assigned in source | C6: MAL-CHK-001 | D6: §8 | E6: CTL-mu0tgvxq (ISO 27001 A.5.12) | F6: Bias / representativeness assessment summary | G6: Evidence Required — Not Provided (Simulated Requirement) | H6: Not specified in source | I6: Not stated in source | J6: Control-level only | K6: Source does not map this item to a specific finding | L6: No | M6: No — evidence requirement only | N6: Simulated portfolio scenario
A7: EVD-003 | B7: None assigned in source | C7: MAL-CHK-001 | D7: §8 | E7: CTL-mu0tgvxq (ISO 27001 A.5.12) | F7: Data lineage documentation | G7: Evidence Required — Not Provided (Simulated Requirement) | H7: Not specified in source | I7: Not stated in source | J7: Control-level only | K7: Source does not map this item to a specific finding | L7: No | M7: No — evidence requirement only | N7: Simulated portfolio scenario
A8: EVD-004 | B8: None assigned in source | C8: MAL-CHK-001 | D8: §8 | E8: CTL-mu0tgvxq (ISO 27001 A.5.12) | F8: Data classification report | G8: Evidence Required — Not Provided (Simulated Requirement) | H8: Not specified in source | I8: Not stated in source | J8: Control-level only | K8: Source does not map this item to a specific finding | L8: No | M8: No — evidence requirement only | N8: Simulated portfolio scenario
A9: EVD-005 | B9: None assigned in source | C9: MAL-CHK-001 | D9: §8 | E9: CTL-mu0tgvxq (ISO 27001 A.5.12) | F9: Access-review confirmation (authorized-personnel listing) | G9: Evidence Required — Not Provided (Simulated Requirement) | H9: Not specified in source | I9: Not stated in source | J9: Control-level only | K9: Source does not map this item to a specific finding | L9: No | M9: No — evidence requirement only | N9: Simulated portfolio scenario
A10: EVD-006 | B10: None assigned in source | C10: MAL-ACR-002 | D10: §12 | E10: CTL-mu1nugzu (NIST CSF PR.AA-05) | F10: Current IAM entitlement listing (system export) | G10: Evidence Required — Not Provided (Simulated Requirement) | H10: Not specified in source | I10: Not stated in source | J10: Control-level only | K10: Source does not map this item to a specific finding | L10: No | M10: No — evidence requirement only | N10: Simulated portfolio scenario
A11: EVD-007 | B11: None assigned in source | C11: MAL-ACR-002 | D11: §12 | E11: CTL-mu1nugzu (NIST CSF PR.AA-05) | F11: Authoritative role-to-entitlement mapping | G11: Evidence Required — Not Provided (Simulated Requirement) | H11: Not specified in source | I11: Not stated in source | J11: Control-level only | K11: Source does not map this item to a specific finding | L11: No | M11: No — evidence requirement only | N11: Simulated portfolio scenario
A12: EVD-008 | B12: None assigned in source | C12: MAL-ACR-002 | D12: §12 | E12: CTL-mu1nugzu (NIST CSF PR.AA-05) | F12: HR and vendor joiner/mover/leaver change report (Q3 2026) | G12: Evidence Required — Not Provided (Simulated Requirement) | H12: Not specified in source | I12: Not stated in source | J12: Control-level only | K12: Source does not map this item to a specific finding | L12: No | M12: No — evidence requirement only | N12: Simulated portfolio scenario
A13: EVD-009 | B13: None assigned in source | C13: MAL-ACR-002 | D13: §12 | E13: CTL-mu1nugzu (NIST CSF PR.AA-05) | F13: Access-request approval records | G13: Evidence Required — Not Provided (Simulated Requirement) | H13: Not specified in source | I13: Not stated in source | J13: Control-level only | K13: Source does not map this item to a specific finding | L13: No | M13: No — evidence requirement only | N13: Simulated portfolio scenario
A14: EVD-010 | B14: None assigned in source | C14: MAL-ACR-002 | D14: §12 | E14: CTL-mu1nugzu (NIST CSF PR.AA-05) | F14: Deprovisioning tickets and timestamps | G14: Evidence Required — Not Provided (Simulated Requirement) | H14: Not specified in source | I14: Not stated in source | J14: Control-level only | K14: Source does not map this item to a specific finding | L14: No | M14: No — evidence requirement only | N14: Simulated portfolio scenario
A15: EVD-011 | B15: None assigned in source | C15: MAL-ACR-002 | D15: §12 | E15: CTL-mu1nugzu (NIST CSF PR.AA-05) | F15: Privileged-access activity logs | G15: Evidence Required — Not Provided (Simulated Requirement) | H15: Not specified in source | I15: Not stated in source | J15: Control-level only | K15: Source does not map this item to a specific finding | L15: No | M15: No — evidence requirement only | N15: Simulated portfolio scenario
... A87: EVD-083 | B87: EV-14 | C87: MAL-VRA-010 | D87: §15 | E87: CTL-010 (SOC 2 CC9.2) | F87: KRI-006 source data and calculation methodology | G87: Evidence Required — Not Provided (Simulated Requirement) | H87: Not specified in source | I87: Control attribute 10 | J87: None (attribute 10 is Met (Source); no finding) | K87: Source-stated: evidence-to-attribute (§15) and attribute-to-finding (§9) | L87: No | M87: No — evidence requirement only | N87: Simulated portfolio scenario

Sheet Source Index
A1: Source Index & Reconciliation
A2: SIMULATED GRC PRACTICE ENVIRONMENT — All findings, observations, planning gaps, statuses, target dates and assessment results in this workbook belong to a simulated portfolio scenario (MindfulAI Labs). They do not represent verified production-system testing, actual evidence, management approvals, or an actual organization.
A3: “Documented” counts were counted from each source document; “Extracted” counts are live formulas over the Findings and Evidence Requests tabs.
A4: Document ID | B4: Document Title | C4: Version | D4: Document Date (Revision History) | E4: Control Reference | F4: Framework Reference | G4: Control Owner | H4: Control Rating / Conclusion (Source) | I4: Document Status (Source) | J4: Documented Findings | K4: Documented Observations (incl. coverage-gap observations) | L4: Documented Planning Gaps | M4: Documented Evidence Items | N4: Extracted Findings | O4: Extracted Observations | P4: Extracted Planning Gaps | Q4: Extracted Evidence Items | R4: Reconciliation | S4: Source File (Uploaded)
A5: MAL-CHK-001 | B5: AI Training Data Validation Checklist | C5: 1.0 | D5: 46279 | E5: CTL-mu0tgvxq | F5: ISO 27001 A.5.12 | G5: Data Science Team | H5: Effective | I5: Completed (Simulated) — Sign-Off Pending | J5: 0 | K5: 1 | L5: 0 | M5: 5 | N5: =COUNTIFS(Findings!$C$5:$C$33,$A5,Findings!$L$5:$L$33,"Confirmed Finding (Simulated)") -> 0 | O5: =COUNTIFS(Findings!$C$5:$C$33,$A5,Findings!$L$5:$L$33,"Observation") -> 1 | P5: =COUNTIFS(Findings!$C$5:$C$33,$A5,Findings!$L$5:$L$33,"Planning Gap") -> 0 | Q5: =COUNTIF('Evidence Requests'!$C$5:$C$87,$A5) -> 5 | R5: =IF(AND(J5=N5,K5=O5,L5=P5,M5=Q5),"Match","Review") -> Match | S5: MAL-CHK-001_AI_Training_Data_Validation_Checklist.docx
A6: MAL-ACR-002 | B6: User Access Review Worksheet | C6: 1.0 | D6: 46280 | E6: CTL-mu1nugzu | F6: NIST CSF PR.AA-05 | G6: IAM Team | H6: Partially Effective | I6: Completed (Simulated) — Sign-Off Pending | J6: 3 | K6: 0 | L6: 0 | M6: 6 | N6: =COUNTIFS(Findings!$C$5:$C$33,$A6,Findings!$L$5:$L$33,"Confirmed Finding (Simulated)") -> 3 | O6: =COUNTIFS(Findings!$C$5:$C$33,$A6,Findings!$L$5:$L$33,"Observation") -> 0 | P6: =COUNTIFS(Findings!$C$5:$C$33,$A6,Findings!$L$5:$L$33,"Planning Gap") -> 0 | Q6: =COUNTIF('Evidence Requests'!$C$5:$C$87,$A6) -> 6 | R6: =IF(AND(J6=N6,K6=O6,L6=P6,M6=Q6),"Match","Review") -> Match | S6: MAL-ACR-002_User_Access_Review_Worksheet.docx
A7: MAL-CTW-003 | B7: Change Management Control Test Worksheet | C7: 1.0 | D7: 46280 | E7: CTL-mu1nvfmw | F7: SOC 2 CC8.1 | G7: AI Engineering Team | H7: Effective | I7: Completed (Simulated) — Sign-Off Pending | J7: 0 | K7: 1 | L7: 0 | M7: 7 | N7: =COUNTIFS(Findings!$C$5:$C$33,$A7,Findings!$L$5:$L$33,"Confirmed Finding (Simulated)") -> 0 | O7: =COUNTIFS(Findings!$C$5:$C$33,$A7,Findings!$L$5:$L$33,"Observation") -> 1 | P7: =COUNTIFS(Findings!$C$5:$C$33,$A7,Findings!$L$5:$L$33,"Planning Gap") -> 0 | Q7: =COUNTIF('Evidence Requests'!$C$5:$C$87,$A7) -> 7 | R7: =IF(AND(J7=N7,K7=O7,L7=P7,M7=Q7),"Match","Review") -> Match | S7: MAL-CTW-003_Change_Management_Control_Test_Worksheet.docx
A8: MAL-STD-004 | B8: Privileged Access & Multi-Factor Authentication Security Standard | C8: 1.0 | D8: 46282 | E8: CTL-004 | F8: CIS Controls v8, Control 6 | G8: IAM Team | H8: Effective | I8: Final — Portfolio Simulation | J8: 0 | K8: 1 | L8: 0 | M8: 9 | N8: =COUNTIFS(Findings!$C$5:$C$33,$A8,Findings!$L$5:$L$33,"Confirmed Finding (Simulated)") -> 0 | O8: =COUNTIFS(Findings!$C$5:$C$33,$A8,Findings!$L$5:$L$33,"Observation") -> 1 | P8: =COUNTIFS(Findings!$C$5:$C$33,$A8,Findings!$L$5:$L$33,"Planning Gap") -> 0 | Q8: =COUNTIF('Evidence Requests'!$C$5:$C$87,$A8) -> 9 | R8: =IF(AND(J8=N8,K8=O8,L8=P8,M8=Q8),"Match","Review") -> Match | S8: MAL-STD-004_Privileged_Access_and_MFA_Security_Standard.docx
A9: MAL-VMA-005 | B9: Vulnerability Management Control Assessment / Test Report | C9: 1.0 | D9: 46291 | E9: CTL-005 | F9: NIST CSF DE.CM-09 | G9: Application Security Team | H9: Partially Effective | I9: Final — Portfolio Simulation | J9: 2 | K9: 2 | L9: 0 | M9: 7 | N9: =COUNTIFS(Findings!$C$5:$C$33,$A9,Findings!$L$5:$L$33,"Confirmed Finding (Simulated)") -> 2 | O9: =COUNTIFS(Findings!$C$5:$C$33,$A9,Findings!$L$5:$L$33,"Observation") -> 2 | P9: =COUNTIFS(Findings!$C$5:$C$33,$A9,Findings!$L$5:$L$33,"Planning Gap") -> 0 | Q9: =COUNTIF('Evidence Requests'!$C$5:$C$87,$A9) -> 7 | R9: =IF(AND(J9=N9,K9=O9,L9=P9,M9=Q9),"Match","Review") -> Match | S9: MAL-VMA-005_Vulnerability_Management_Control_Assessment.docx
A10: MAL-PIA-006 | B10: AI Privacy Impact Assessment (DPIA-Aligned) | C10: 1.0 | D10: 46291 | E10: CTL-006 | F10: GDPR Art.5 | G10: Privacy and Compliance Team | H10: Partially Effective | I10: Final — Portfolio Simulation | J10: 2 | K10: 2 | L10: 0 | M10: 7 | N10: =COUNTIFS(Findings!$C$5:$C$33,$A10,Findings!$L$5:$L$33,"Confirmed Finding (Simulated)") -> 2 | O10: =COUNTIFS(Findings!$C$5:$C$33,$A10,Findings!$L$5:$L$33,"Observation") -> 2 | P10: =COUNTIFS(Findings!$C$5:$C$33,$A10,Findings!$L$5:$L$33,"Planning Gap") -> 0 | Q10: =COUNTIF('Evidence Requests'!$C$5:$C$87,$A10) -> 7 | R10: =IF(AND(J10=N10,K10=O10,L10=P10,M10=Q10),"Match","Review") -> Match | S10: MAL-PIA-006_AI_Privacy_Impact_Assessment.docx
A11: MAL-BRT-007 | B11: Backup & Recovery Test Record | C11: 1.0 | D11: 46291 | E11: CTL-007 | F11: ISO 27001 A.5.30 | G11: Infrastructure Operations Team | H11: Effective | I11: Final — Portfolio Simulation | J11: 0 | K11: 1 | L11: 0 | M11: 8 | N11: =COUNTIFS(Findings!$C$5:$C$33,$A11,Findings!$L$5:$L$33,"Confirmed Finding (Simulated)") -> 0 | O11: =COUNTIFS(Findings!$C$5:$C$33,$A11,Findings!$L$5:$L$33,"Observation") -> 1 | P11: =COUNTIFS(Findings!$C$5:$C$33,$A11,Findings!$L$5:$L$33,"Planning Gap") -> 0 | Q11: =COUNTIF('Evidence Requests'!$C$5:$C$87,$A11) -> 8 | R11: =IF(AND(J11=N11,K11=O11,L11=P11,M11=Q11),"Match","Review") -> Match | S11: MAL-BRT-007_Backup_and_Recovery_Test_Record.docx
A12: MAL-LMA-008 | B12: Security Logging & Monitoring Control Assessment | C12: 1.0 | D12: 46291 | E12: CTL-008 | F12: CIS Controls v8, Control 8 | G12: Security Operations Team | H12: Partially Effective | I12: Final — Portfolio Simulation | J12: 2 | K12: 3 | L12: 0 | M12: 8 | N12: =COUNTIFS(Findings!$C$5:$C$33,$A12,Findings!$L$5:$L$33,"Confirmed Finding (Simulated)") -> 2 | O12: =COUNTIFS(Findings!$C$5:$C$33,$A12,Findings!$L$5:$L$33,"Observation") -> 3 | P12: =COUNTIFS(Findings!$C$5:$C$33,$A12,Findings!$L$5:$L$33,"Planning Gap") -> 0 | Q12: =COUNTIF('Evidence Requests'!$C$5:$C$87,$A12) -> 8 | R12: =IF(AND(J12=N12,K12=O12,L12=P12,M12=Q12),"Match","Review") -> Match | S12: MAL-LMA-008_Security_Logging_and_Monitoring_Control_Assessment.docx
A13: MAL-CAP-009 | B13: Compliance Assessment Plan & Evidence Request | C13: 1.0 | D13: 46292 | E13: CTL-009 | F13: ISO 27001 A.5.31 | G13: GRC Team | H13: Not Tested (Effectiveness Not Concluded) | I13: Final — Portfolio Simulation | J13: 0 | K13: 0 | L13: 4 | M13: 12 | N13: =COUNTIFS(Findings!$C$5:$C$33,$A13,Findings!$L$5:$L$33,"Confirmed Finding (Simulated)") -> 0 | O13: =COUNTIFS(Findings!$C$5:$C$33,$A13,Findings!$L$5:$L$33,"Observation") -> 0 | P13: =COUNTIFS(Findings!$C$5:$C$33,$A13,Findings!$L$5:$L$33,"Planning Gap") -> 4 | Q13: =COUNTIF('Evidence Requests'!$C$5:$C$87,$A13) -> 12 | R13: =IF(AND(J13=N13,K13=O13,L13=P13,M13=Q13),"Match","Review") -> Match | S13: MAL-CAP-009_Compliance_Assessment_Plan_and_Evidence_Request.docx
A14: MAL-VRA-010 | B14: Third-Party AI Vendor Risk Assessment | C14: 1.0 | D14: 46292 | E14: CTL-010 | F14: SOC 2 CC9.2 | G14: Third-Party Risk Management Team | H14: Ineffective | I14: Final — Portfolio Simulation | J14: 3 | K14: 2 | L14: 0 | M14: 14 | N14: =COUNTIFS(Findings!$C$5:$C$33,$A14,Findings!$L$5:$L$33,"Confirmed Finding (Simulated)") -> 3 | O14: =COUNTIFS(Findings!$C$5:$C$33,$A14,Findings!$L$5:$L$33,"Observation") -> 2 | P14: =COUNTIFS(Findings!$C$5:$C$33,$A14,Findings!$L$5:$L$33,"Planning Gap") -> 0 | Q14: =COUNTIF('Evidence Requests'!$C$5:$C$87,$A14) -> 14 | R14: =IF(AND(J14=N14,K14=O14,L14=P14,M14=Q14),"Match","Review") -> Match | S14: MAL-VRA-010_Third-Party_AI_Vendor_Risk_Assessment.docx
A16: TOTAL | J16: =SUM(J5:J14) -> 12 | K16: =SUM(K5:K14) -> 13 | L16: =SUM(L5:L14) -> 4 | M16: =SUM(M5:M14) -> 83 | N16: =SUM(N5:N14) -> 12 | O16: =SUM(O5:O14) -> 13 | P16: =SUM(P5:P14) -> 4 | Q16: =SUM(Q5:Q14) -> 83 | R16: =IF(COUNTIF(R5:R14,"Match")=10,"All Match","Review") -> All Match
A18: Note: MAL-IPR-011 is not listed because its assessment document was not provided. Document dates are the version 1.0 dates in each document’s Revision History. Documents 001–003 carry the status “Completed (Simulated) — Sign-Off Pending”; sign-off tables in all ten documents are blank or not applicable.

Sheet ID Crosswalk
A1: ID Crosswalk
A2: SIMULATED GRC PRACTICE ENVIRONMENT — All findings, observations, planning gaps, statuses, target dates and assessment results in this workbook belong to a simulated portfolio scenario (MindfulAI Labs). They do not represent verified production-system testing, actual evidence, management approvals, or an actual organization.
A3: Source (export) IDs ↔ normalized IDs. A normalized ID appears only where a source document states it; otherwise “Not stated in source documents”. Risks without IDs are referenced by title.
A5: A. Assets (Asset Register; normalized IDs stated in MAL-STD-004 §3)
A6: Normalized ID | B6: Source ID (JSON export) | C6: Asset Name | D6: Type | E6: Classification | F6: Environment | G6: Records Referencing (live count) | H6: Owner
A7: AST-001 | B7: AST-mu0s8cur | C7: Clinical Diagnostic AI Model | D7: Application | E7: Critical | F7: Production | G7: =COUNTIF(Findings!$H$5:$H$33,"*"&A7&"*") -> 23 | H7: Clinical AI & Machine Learning Team
A8: AST-002 | B8: AST-mu0set5n | C8: Financial Risk Training Data Repository | D8: Data Store | E8: High | F8: Production | G8: =COUNTIF(Findings!$H$5:$H$33,"*"&A8&"*") -> 17 | H8: Data Science Team
A9: AST-003 | B9: AST-mu0sfsup | C9: AI Model Training Server | D9: Server | E9: Medium | F9: Development | G9: =COUNTIF(Findings!$H$5:$H$33,"*"&A9&"*") -> 1 | H9: Machine Learning Engineering
A10: AST-004 | B10: Not exposed in source (null) | C10: AI Development Cloud Environment | D10: Cloud Account | E10: Medium | F10: Development | G10: =COUNTIF(Findings!$H$5:$H$33,"*"&A10&"*") -> 1 | H10: Cloud Engineering
A11: AST-005 | B11: Not exposed in source (null) | C11: AI Governance Analyst Workstation | D11: Endpoint | E11: Low | F11: Production | G11: =COUNTIF(Findings!$H$5:$H$33,"*"&A11&"*") -> 0 | H11: AI Governance Team
A12: AST-006 | B12: Not exposed in source (null) | C12: Pre-Production AI Validation Environment | D12: Server | E12: Medium | F12: Staging | G12: =COUNTIF(Findings!$H$5:$H$33,"*"&A12&"*") -> 5 | H12: Model Validation Team
A13: AST-007 | B13: Not exposed in source (null) | C13: AI Network Security Gateway | D13: Network Device | E13: High | F13: Production | G13: =COUNTIF(Findings!$H$5:$H$33,"*"&A13&"*") -> 5 | H13: Network Security Team
A14: AST-008 | B14: Not exposed in source (null) | C14: Pre-Production Model Validation Server | D14: Server | E14: Medium | F14: Staging | G14: =COUNTIF(Findings!$H$5:$H$33,"*"&A14&"*") -> 1 | H14: Model Validation Team
A15: AST-009 | B15: Not exposed in source (null) | C15: Clinical AI Backup Repository | D15: Data Store | E15: High | F15: DR | G15: =COUNTIF(Findings!$H$5:$H$33,"*"&A15&"*") -> 6 | H15: Data Protection Team
A16: AST-010 | B16: Not exposed in source (null) | C16: AI Disaster Recovery Cloud Environment | D16: Cloud Account | E16: High | F16: DR | G16: =COUNTIF(Findings!$H$5:$H$33,"*"&A16&"*") -> 2 | H16: Cloud Operations Team
A17: AST-011 | B17: Not exposed in source (null) | C17: Model Testing Workstation | D17: Endpoint | E17: Low | F17: Staging | G17: =COUNTIF(Findings!$H$5:$H$33,"*"&A17&"*") -> 0 | H17: AI Quality Assurance Team
A19: B. Risks (Risk Register; likelihood / impact as exported — no scores or tolerance comparisons computed)
A20: Normalized ID | B20: Source ID (JSON export) | C20: Risk Title | D20: Category | E20: Status (Register) | F20: Likelihood | G20: Impact | H20: Owner | I20: Where Cited in Source Documents
A21: RSK-001 | B21: RSK-mu0sxjrj | C21: Training data bias causes inaccurate clinical AI recommendations | D21: Data Protection | E21: Open | F21: 3 | G21: 5 | H21: Clinical AI & Machine Learning Team | I21: MAL-PIA-006 §5
A22: RSK-002 | B22: RSK-mu0t1uva | C22: Unauthorized user exploits inadequate data access restrictions causing sensitive data exposure to Financial Risk Training Data Repository | D22: Data Protection | E22: Open | F22: 3 | G22: 4 | H22: Data Science Team | I22: MAL-PIA-006 §5; MAL-LMA-008 §5
A23: RSK-003 | B23: RSK-mu0t2oau | C23: Unauthorized developer exploits excessive privileges causing unapproved model changes to AI Model Training Server | D23: Access Control | E23: In Progress | F23: 3 | G23: 4 | H23: Machine Learning Engineering | I23: MAL-LMA-008 §5
A24: RSK-004 | B24: Not exposed in source (null) | C24: Cloud misconfiguration exploits weak configuration governance causing unauthorized resource exposure to AI Development Cloud Environment | D24: Application Security | E24: Open | F24: 4 | G24: 3 | H24: Cloud Engineering | I24: MAL-VMA-005 §5
A25: Not stated in source documents | B25: Not exposed in source (null) | C25: Incomplete validation exploits insufficient testing coverage causing defective models to advance from Pre-Production AI Validation Environment | D25: Compliance | E25: In Progress | F25: 3 | G25: 4 | H25: Model Validation Team | I25: Referenced by title only (MAL-CTW-003 §4; MAL-CAP-009 §6.1)
A26: RSK-006 | B26: Not exposed in source (null) | C26: External attacker exploits weak network filtering causing unauthorized AI infrastructure access through AI Network Security Gateway | D26: Access Control | E26: In Progress | F26: 2 | G26: 5 | H26: Network Security Team | I26: MAL-VMA-005 §5; MAL-LMA-008 §5
A27: RSK-007 | B27: Not exposed in source (null) | C27: Infrastructure outage exploits inadequate recovery testing causing prolonged service disruption to AI Disaster Recovery Cloud Environment | D27: Availability | E27: Open | F27: 2 | G27: 5 | H27: Cloud Operations Team | I27: MAL-BRT-007 §5
A28: RSK-008 | B28: Not exposed in source (null) | C28: Unauthorized user exploits inadequate backup access controls causing sensitive data exposure to Clinical AI Backup Repository | D28: Data Protection | E28: Open | F28: 2 | G28: 4 | H28: Data Protection Team | I28: MAL-PIA-006 §5; MAL-BRT-007 §5
A29: Not stated in source documents | B29: Not exposed in source (null) | C29: Phishing attacker exploits user error causing unauthorized governance data access to AI Governance Analyst Workstation | D29: Human Error | E29: Closed | F29: 3 | G29: 2 | H29: AI Governance Team | I29: Not cited by any in-scope source document
A30: Not stated in source documents | B30: Not exposed in source (null) | C30: Tester exploits excessive system privileges causing unauthorized validation changes to Pre-Production Model Validation Server | D30: Access Control | E30: Closed | F30: 2 | G30: 3 | H30: Model Validation Team | I30: Referenced by description only (MAL-STD-004 §4)
A31: Not stated in source documents | B31: Not exposed in source (null) | C31: Analyst error exploits inadequate test review procedures causing inaccurate validation results to Model Testing Workstation | D31: Human Error | E31: Closed | F31: 3 | G31: 2 | H31: AI Quality Assurance Team | I31: Not cited by any in-scope source document
A33: C. Controls (Control Register)
A34: Normalized ID | B34: Source ID (JSON export) | C34: Control Name | D34: Framework Ref | E34: Rating (Register) | F34: Frequency | H34: Owner | I34: Tracker Source Document
A35: Not stated in source documents | B35: CTL-mu0tgvxq | C35: Perform documented bias and data quality validation before AI model approval | D35: ISO 27001 A.5.12 | E35: Effective | F35: Quarterly | H35: Data Science Team | I35: MAL-CHK-001
A36: Not stated in source documents | B36: CTL-mu1nugzu | C36: Restrict AI training data repositories to authorized personnel using role-based access | D36: NIST CSF PR.AA-05 | E36: Partially Effective | F36: Quarterly | H36: IAM Team | I36: MAL-ACR-002
A37: Not stated in source documents | B37: CTL-mu1nvfmw | C37: Require documented review and approval before production AI model changes are deployed | D37: SOC 2 CC8.1 | E37: Effective | F37: Continuous | H37: AI Engineering Team | I37: MAL-CTW-003
A38: CTL-004 | B38: Not exposed in source (null) | C38: Enforce multi-factor authentication and least-privilege access for privileged AI platform accounts | D38: CIS Controls CIS 6 | E38: Effective | F38: Continuous | H38: IAM Team | I38: MAL-STD-004
A39: CTL-005 | B39: Not exposed in source (null) | C39: Perform vulnerability testing and remediate identified weaknesses in production AI APIs | D39: NIST CSF DE.CM-09 | E39: Partially Effective | F39: Monthly | H39: Application Security Team | I39: MAL-VMA-005
A40: CTL-006 | B40: Not exposed in source (null) | C40: Review AI datasets for unnecessary personal information and apply privacy safeguards before processing | D40: GDPR Art.5 | E40: Partially Effective | F40: Quarterly | H40: Privacy and Compliance Team | I40: MAL-PIA-006
A41: CTL-007 | B41: Not exposed in source (null) | C41: Maintain tested backup and recovery procedures for critical production AI systems | D41: ISO 27001 A.5.30 | E41: Effective | F41: Quarterly | H41: Infrastructure Operations Team | I41: MAL-BRT-007
A42: CTL-008 | B42: Not exposed in source (null) | C42: Centralize and review security logs for suspicious activity affecting production AI systems | D42: CIS Controls CIS 8 | E42: Partially Effective | F42: Continuous | H42: Security Operations Team | I42: MAL-LMA-008
A43: CTL-009 | B43: Not exposed in source (null) | C43: Perform documented compliance assessments of high-impact AI systems against applicable requirements | D43: ISO 27001 A.5.31 | E43: Not Tested | F43: Annual | H43: GRC Team | I43: MAL-CAP-009
A44: CTL-010 | B44: Not exposed in source (null) | C44: Assess security and privacy risks before approving third-party AI vendors and services | D44: SOC 2 CC9.2 | E44: Ineffective | F44: Continuous | H44: Third-Party Risk Management Team | I44: MAL-VRA-010
A45: Not stated in source documents | B45: Not exposed in source (null) | C45: Require independent peer review of AI model testing results before production approval | D45: ISO 27001 A.5.35 | E45: Not Tested | F45: Quarterly | H45: AI Quality Assurance Team | I45: Not included — MAL-IPR-011 assessment document not provided
A47: D. Policies cited by source documents (Policies export)
A48: Policy ID | B48: Title | D48: Status (Export) | E48: Owner | H48: Cited In
A49: POL-001 | B49: AI Model Risk Management and Validation Policy | D49: Approved | E49: AI Governance Team | H49: MAL-CAP-009 §5 (candidate criteria)
A50: POL-002 | B50: AI Data Governance and Quality Policy | D50: Approved | E50: Data Governance Team | H50: MAL-CAP-009 §5 (candidate criteria)
A51: POL-006 | B51: Responsible AI and Human Oversight Policy | D51: Under Review | E51: AI Governance Team | H51: MAL-CAP-009 §5, APO-02
A53: MAL-VRA-010 (VRA-03) states that no third-party risk policy exists within the available Policy Register; none of POL-001 to POL-006 in the export addresses third-party risk.

Sheet Data Dictionary
A1: Data Dictionary
A2: SIMULATED GRC PRACTICE ENVIRONMENT — All findings, observations, planning gaps, statuses, target dates and assessment results in this workbook belong to a simulated portfolio scenario (MindfulAI Labs). They do not represent verified production-system testing, actual evidence, management approvals, or an actual organization.
A3: Column definitions for Findings, Remediation Actions, Evidence Requests and Source Index. “Source-verbatim” = copied from the source document; “Analyst-derived” = reporting classification only.
A4: Tab | B4: Column | C4: Definition | D4: Allowed Values / Format | E4: Origin
A5: Findings | B5: Tracker ID | C5: Unique ID assigned by this tracker to avoid conflicts (e.g., four documents each contain an “OBS-01”). | D5: FRT-001 to FRT-029 | E5: Tracker-assigned
A6: Findings | B6: Original Source ID | C6: The ID printed in the source document. | D6: e.g., ACR-01, VUL-02, OBS-01, APO-03; “None assigned in source” where the document gives no ID | E6: Source-verbatim
A7: Findings | B7: Source Document ID / Title / Section | C7: The artifact and section from which the record was extracted, for traceability. | D7: MAL-xxx-0nn; § reference | E7: Source-verbatim
A8: Findings | B8: Related Control | C8: Control ID, name and framework reference as stated in the source document and Control Register. | D8: CTL-mu… (documents 001–003) or CTL-004 to CTL-010 | E8: Source-verbatim
A9: Findings | B9: Control Rating (Source Register) | C9: Effectiveness rating recorded for the control in the Control Register as cited by the document. | D9: Effective, Partially Effective, Ineffective, Not Tested | E9: Source-verbatim
A10: Findings | B10: Related Asset / Related Risk | C10: Assets and risks the source document links to the record. Risks without IDs are cited by title. | D10: Free text | E10: Source-verbatim
A11: Findings | B11: Title (As Documented) | C11: Finding or observation heading as printed in the source (prefixed with the original ID where one exists). | D11: Free text | E11: Source-verbatim
A12: Findings | B12: Description (As Documented) | C12: Condition / observation text copied from the source. | D12: Free text | E12: Source-verbatim
A13: Findings | B13: Classification | C13: Nature of the record. | D13: Confirmed Finding (Simulated) | Observation | Planning Gap | E13: Analyst-derived
A14: Findings | B14: Subtype | C14: Finer label following the source wording. | D14: Control Deficiency (Finding) | Control Deficiency (Exception) | Process-Improvement Observation | Minor Observation (source label) | Risk-Register Coverage Gap | Asset-Register Observation | Planning Observation | E14: Analyst-derived
A15: Findings | B15: Severity (As Documented) | C15: Severity or risk wording exactly as in the source, including “Medium-High” and “High (window)”. Where the source gives only a Risk / Impact of Low, that is stated. | D15: Free text | E15: Source-verbatim
... A39: Source Index | B39: Documented vs. Extracted counts | C39: Documented = counted by reading the source; Extracted = live COUNTIFS over this workbook; Reconciliation compares them. | D39: Match | Review | E39: Formula
